Date,Brand,MRP,DiscountRate,BasePrice,FinalPrice
01-01-2021,Nirma,90,0,84.67,84.67
01-01-2021,Surf Excel,110,0,107.24,107.24
02-01-2021,Nirma,90,0,81.16,81.16
02-01-2021,Surf Excel,110,0.07,107.9,100.35
03-01-2021,Nirma,90,0,79.33,79.33
03-01-2021,Surf Excel,110,0,105.83,105.83
04-01-2021,Nirma,90,0,76.72,76.72
04-01-2021,Surf Excel,110,0,101.36,101.36
05-01-2021,Nirma,90,0.24,70.8,60
05-01-2021,Surf Excel,110,0,107.07,107.07
06-01-2021,Nirma,90,0,82.05,82.05
06-01-2021,Surf Excel,110,0,109.49,109.49
07-01-2021,Nirma,90,0.19,77.78,63
07-01-2021,Surf Excel,110,0,100.68,100.68
08-01-2021,Nirma,90,0,80.27,80.27
08-01-2021,Surf Excel,110,0.14,100.62,86.53
09-01-2021,Nirma,90,0,74.46,74.46
09-01-2021,Surf Excel,110,0,102.57,102.57
10-01-2021,Nirma,90,0.15,81.91,69.63
10-01-2021,Surf Excel,110,0,108.68,108.68
11-01-2021,Nirma,90,0,80.38,80.38
11-01-2021,Surf Excel,110,0,107.72,107.72
12-01-2021,Nirma,90,0,81.82,81.82
12-01-2021,Surf Excel,110,0,103.7,103.7
13-01-2021,Nirma,90,0,77.74,77.74
13-01-2021,Surf Excel,110,0,107.95,107.95
14-01-2021,Nirma,90,0.25,76.02,60
14-01-2021,Surf Excel,110,0,109.05,109.05
15-01-2021,Nirma,90,0.15,75.26,63.97
15-01-2021,Surf Excel,110,0,107.52,107.52
16-01-2021,Nirma,90,0,83.95,83.95
16-01-2021,Surf Excel,110,0,99.67,99.67
17-01-2021,Nirma,90,0,80.22,80.22
17-01-2021,Surf Excel,110,0,104.28,104.28
18-01-2021,Nirma,90,0.08,83.85,77.14
18-01-2021,Surf Excel,110,0,99.73,99.73
19-01-2021,Nirma,90,0,85.26,85.26
19-01-2021,Surf Excel,110,0,107.8,107.8
20-01-2021,Nirma,90,0,74.19,74.19
20-01-2021,Surf Excel,110,0,102.87,102.87
21-01-2021,Nirma,90,0,78.54,78.54
21-01-2021,Surf Excel,110,0,101.58,101.58
22-01-2021,Nirma,90,0,79.34,79.34
22-01-2021,Surf Excel,110,0,100.66,100.66
23-01-2021,Nirma,90,0,75.58,75.58
23-01-2021,Surf Excel,110,0.05,107.97,102.57
24-01-2021,Nirma,90,0,77.81,77.81
24-01-2021,Surf Excel,110,0,107.39,107.39
25-01-2021,Nirma,90,0,73.45,73.45
25-01-2021,Surf Excel,110,0,107.05,107.05
26-01-2021,Nirma,90,0,81.93,81.93
26-01-2021,Surf Excel,110,0,105.22,105.22
27-01-2021,Nirma,90,0,70.73,70.73
27-01-2021,Surf Excel,110,0,107.07,107.07
28-01-2021,Nirma,90,0,89.48,89.48
28-01-2021,Surf Excel,110,0,106.88,106.88
29-01-2021,Nirma,90,0,77.4,77.4
29-01-2021,Surf Excel,110,0,109.8,109.8
30-01-2021,Nirma,90,0,83.56,83.56
30-01-2021,Surf Excel,110,0,109.24,109.24
31-01-2021,Nirma,90,0,86.75,86.75
31-01-2021,Surf Excel,110,0,104.52,104.52
01-02-2021,Nirma,90,0,88.26,88.26
01-02-2021,Surf Excel,110,0,105.1,105.1
02-02-2021,Nirma,90,0,88.42,88.42
02-02-2021,Surf Excel,110,0,105.51,105.51
03-02-2021,Nirma,90,0,86.3,86.3
03-02-2021,Surf Excel,110,0,105.79,105.79
04-02-2021,Nirma,90,0,80.54,80.54
04-02-2021,Surf Excel,110,0,106.07,106.07
05-02-2021,Nirma,90,0,79.98,79.98
05-02-2021,Surf Excel,110,0,107,107
06-02-2021,Nirma,90,0,73.28,73.28
06-02-2021,Surf Excel,110,0,107.44,107.44
07-02-2021,Nirma,90,0,80.59,80.59
07-02-2021,Surf Excel,110,0,106.45,106.45
08-02-2021,Nirma,90,0,77.86,77.86
08-02-2021,Surf Excel,110,0,108.27,108.27
09-02-2021,Nirma,90,0,82.25,82.25
09-02-2021,Surf Excel,110,0,108.27,108.27
10-02-2021,Nirma,90,0,86.29,86.29
10-02-2021,Surf Excel,110,0,107.65,107.65
11-02-2021,Nirma,90,0,86.71,86.71
11-02-2021,Surf Excel,110,0,107.08,107.08
12-02-2021,Nirma,90,0.12,73.23,64.45
12-02-2021,Surf Excel,110,0,104.86,104.86
13-02-2021,Nirma,90,0.1,75.88,68.29
13-02-2021,Surf Excel,110,0,108.39,108.39
14-02-2021,Nirma,90,0,75.82,75.82
14-02-2021,Surf Excel,110,0,108.62,108.62
15-02-2021,Nirma,90,0,83.16,83.16
15-02-2021,Surf Excel,110,0,104.94,104.94
16-02-2021,Nirma,90,0,76.89,76.89
16-02-2021,Surf Excel,110,0,105.83,105.83
17-02-2021,Nirma,90,0.06,74.67,70.19
17-02-2021,Surf Excel,110,0,106.43,106.43
18-02-2021,Nirma,90,0,83.7,83.7
18-02-2021,Surf Excel,110,0,102.75,102.75
19-02-2021,Nirma,90,0,77.63,77.63
19-02-2021,Surf Excel,110,0,106.55,106.55
20-02-2021,Nirma,90,0,89.71,89.71
20-02-2021,Surf Excel,110,0,107.65,107.65
21-02-2021,Nirma,90,0,86.19,86.19
21-02-2021,Surf Excel,110,0,107.93,107.93
22-02-2021,Nirma,90,0,82.18,82.18
22-02-2021,Surf Excel,110,0,104.39,104.39
23-02-2021,Nirma,90,0.24,81.92,62.26
23-02-2021,Surf Excel,110,0,108.68,108.68
24-02-2021,Nirma,90,0,84.2,84.2
24-02-2021,Surf Excel,110,0,108.63,108.63
25-02-2021,Nirma,90,0.14,81.73,70.29
25-02-2021,Surf Excel,110,0,108.05,108.05
26-02-2021,Nirma,90,0.12,87.7,77.17
26-02-2021,Surf Excel,110,0,103.69,103.69
27-02-2021,Nirma,90,0,88.04,88.04
27-02-2021,Surf Excel,110,0,104.63,104.63
28-02-2021,Nirma,90,0,83.64,83.64
28-02-2021,Surf Excel,110,0,105.3,105.3
01-03-2021,Nirma,90,0.07,72.19,67.13
01-03-2021,Surf Excel,110,0,106.41,106.41
02-03-2021,Nirma,90,0,80.26,80.26
02-03-2021,Surf Excel,110,0,109.28,109.28
03-03-2021,Nirma,90,0.1,86.17,77.55
03-03-2021,Surf Excel,110,0,106.74,106.74
04-03-2021,Nirma,90,0,81.31,81.31
04-03-2021,Surf Excel,110,0,105.57,105.57
05-03-2021,Nirma,90,0.07,85.02,79.07
05-03-2021,Surf Excel,110,0,105.35,105.35
06-03-2021,Nirma,90,0,75.65,75.65
06-03-2021,Surf Excel,110,0,107.32,107.32
07-03-2021,Nirma,90,0,82.3,82.3
07-03-2021,Surf Excel,110,0,106.32,106.32
08-03-2021,Nirma,90,0,86.64,86.64
08-03-2021,Surf Excel,110,0,108.33,108.33
09-03-2021,Nirma,90,0.15,79.13,67.26
09-03-2021,Surf Excel,110,0,106.5,106.5
10-03-2021,Nirma,90,0,70.06,70.06
10-03-2021,Surf Excel,110,0,107.57,107.57
11-03-2021,Nirma,90,0.06,88.51,83.2
11-03-2021,Surf Excel,110,0,106.79,106.79
12-03-2021,Nirma,90,0,83.35,83.35
12-03-2021,Surf Excel,110,0,108.71,108.71
13-03-2021,Nirma,90,0,80.95,80.95
13-03-2021,Surf Excel,110,0,105.42,105.42
14-03-2021,Nirma,90,0.14,82.61,71.05
14-03-2021,Surf Excel,110,0,105.17,105.17
15-03-2021,Nirma,90,0.19,70.44,60
15-03-2021,Surf Excel,110,0,102.12,102.12
16-03-2021,Nirma,90,0,79.23,79.23
16-03-2021,Surf Excel,110,0,106.95,106.95
17-03-2021,Nirma,90,0,86.32,86.32
17-03-2021,Surf Excel,110,0,107.67,107.67
18-03-2021,Nirma,90,0,84.46,84.46
18-03-2021,Surf Excel,110,0,106.8,106.8
19-03-2021,Nirma,90,0,77.2,77.2
19-03-2021,Surf Excel,110,0,100.41,100.41
20-03-2021,Nirma,90,0,87.49,87.49
20-03-2021,Surf Excel,110,0,102.36,102.36
21-03-2021,Nirma,90,0,76.62,76.62
21-03-2021,Surf Excel,110,0,107.56,107.56
22-03-2021,Nirma,90,0,72.9,72.9
22-03-2021,Surf Excel,110,0,109.99,109.99
23-03-2021,Nirma,90,0,78.76,78.76
23-03-2021,Surf Excel,110,0,109.69,109.69
24-03-2021,Nirma,90,0.1,77.74,69.96
24-03-2021,Surf Excel,110,0,103.82,103.82
25-03-2021,Nirma,90,0,81.31,81.31
25-03-2021,Surf Excel,110,0,106.71,106.71
26-03-2021,Nirma,90,0,84.57,84.57
26-03-2021,Surf Excel,110,0,105.55,105.55
27-03-2021,Nirma,90,0,76.33,76.33
27-03-2021,Surf Excel,110,0,106.44,106.44
28-03-2021,Nirma,90,0,79.28,79.28
28-03-2021,Surf Excel,110,0,109.31,109.31
29-03-2021,Nirma,90,0,79.59,79.59
29-03-2021,Surf Excel,110,0,107.31,107.31
30-03-2021,Nirma,90,0,74.18,74.18
30-03-2021,Surf Excel,110,0,101.38,101.38
31-03-2021,Nirma,90,0.24,74.1,60
31-03-2021,Surf Excel,110,0,100.99,100.99
01-04-2021,Nirma,90,0,83.4,83.4
01-04-2021,Surf Excel,110,0,108.79,108.79
02-04-2021,Nirma,90,0.1,81.37,73.23
02-04-2021,Surf Excel,110,0,105.12,105.12
03-04-2021,Nirma,90,0,76.4,76.4
03-04-2021,Surf Excel,110,0,103.25,103.25
04-04-2021,Nirma,90,0,82.83,82.83
04-04-2021,Surf Excel,110,0,108.44,108.44
05-04-2021,Nirma,90,0,74.96,74.96
05-04-2021,Surf Excel,110,0,107.01,107.01
06-04-2021,Nirma,90,0,70.27,70.27
06-04-2021,Surf Excel,110,0,106.19,106.19
07-04-2021,Nirma,90,0,78.59,78.59
07-04-2021,Surf Excel,110,0,108.77,108.77
08-04-2021,Nirma,90,0,79.51,79.51
08-04-2021,Surf Excel,110,0,102.77,102.77
09-04-2021,Nirma,90,0,85.72,85.72
09-04-2021,Surf Excel,110,0,106.94,106.94
10-04-2021,Nirma,90,0,88.32,88.32
10-04-2021,Surf Excel,110,0,106.13,106.13
11-04-2021,Nirma,90,0.06,83.86,78.83
11-04-2021,Surf Excel,110,0,109.05,109.05
12-04-2021,Nirma,90,0,82.67,82.67
12-04-2021,Surf Excel,110,0,102.96,102.96
13-04-2021,Nirma,90,0,88.77,88.77
13-04-2021,Surf Excel,110,0,94.71,94.71
14-04-2021,Nirma,90,0,75.68,75.68
14-04-2021,Surf Excel,110,0,104.42,104.42
15-04-2021,Nirma,90,0.11,78.67,70.02
15-04-2021,Surf Excel,110,0,108.13,108.13
16-04-2021,Nirma,90,0,80.75,80.75
16-04-2021,Surf Excel,110,0,107.1,107.1
17-04-2021,Nirma,90,0.09,70.39,64.05
17-04-2021,Surf Excel,110,0,106.23,106.23
18-04-2021,Nirma,90,0,78.34,78.34
18-04-2021,Surf Excel,110,0,107.91,107.91
19-04-2021,Nirma,90,0,71.48,71.48
19-04-2021,Surf Excel,110,0,108.69,108.69
20-04-2021,Nirma,90,0,77.61,77.61
20-04-2021,Surf Excel,110,0,105.28,105.28
21-04-2021,Nirma,90,0,75.53,75.53
21-04-2021,Surf Excel,110,0,109.3,109.3
22-04-2021,Nirma,90,0,88.32,88.32
22-04-2021,Surf Excel,110,0,108.15,108.15
23-04-2021,Nirma,90,0,87.02,87.02
23-04-2021,Surf Excel,110,0,107.43,107.43
24-04-2021,Nirma,90,0,84.62,84.62
24-04-2021,Surf Excel,110,0,105.09,105.09
25-04-2021,Nirma,90,0,79.9,79.9
25-04-2021,Surf Excel,110,0,101.82,101.82
26-04-2021,Nirma,90,0.25,79.9,60
26-04-2021,Surf Excel,110,0,109.65,109.65
27-04-2021,Nirma,90,0,84.2,84.2
27-04-2021,Surf Excel,110,0,105.83,105.83
28-04-2021,Nirma,90,0,83.52,83.52
28-04-2021,Surf Excel,110,0,101.51,101.51
29-04-2021,Nirma,90,0,81.59,81.59
29-04-2021,Surf Excel,110,0,109.02,109.02
30-04-2021,Nirma,90,0,80.64,80.64
30-04-2021,Surf Excel,110,0,109.54,109.54
01-05-2021,Nirma,90,0,82.73,82.73
01-05-2021,Surf Excel,110,0,107.87,107.87
02-05-2021,Nirma,90,0.08,76.98,70.82
02-05-2021,Surf Excel,110,0,101.39,101.39
03-05-2021,Nirma,90,0,74.74,74.74
03-05-2021,Surf Excel,110,0,103.69,103.69
04-05-2021,Nirma,90,0,82.07,82.07
04-05-2021,Surf Excel,110,0,103.16,103.16
05-05-2021,Nirma,90,0,85.84,85.84
05-05-2021,Surf Excel,110,0,109.41,109.41
06-05-2021,Nirma,90,0,71.44,71.44
06-05-2021,Surf Excel,110,0,109.89,109.89
07-05-2021,Nirma,90,0,86.32,86.32
07-05-2021,Surf Excel,110,0,108.73,108.73
08-05-2021,Nirma,90,0,75.88,75.88
08-05-2021,Surf Excel,110,0,102.98,102.98
09-05-2021,Nirma,90,0,70.24,70.24
09-05-2021,Surf Excel,110,0,99.49,99.49
10-05-2021,Nirma,90,0,83.93,83.93
10-05-2021,Surf Excel,110,0,105.28,105.28
11-05-2021,Nirma,90,0,87.92,87.92
11-05-2021,Surf Excel,110,0,100.38,100.38
12-05-2021,Nirma,90,0,85.49,85.49
12-05-2021,Surf Excel,110,0,106.35,106.35
13-05-2021,Nirma,90,0,81.8,81.8
13-05-2021,Surf Excel,110,0,109.84,109.84
14-05-2021,Nirma,90,0.11,77.69,69.15
14-05-2021,Surf Excel,110,0,107.86,107.86
15-05-2021,Nirma,90,0,84.54,84.54
15-05-2021,Surf Excel,110,0,104.14,104.14
16-05-2021,Nirma,90,0,69.21,69.21
16-05-2021,Surf Excel,110,0,107.82,107.82
17-05-2021,Nirma,90,0.23,79.8,61.44
17-05-2021,Surf Excel,110,0,109.57,109.57
18-05-2021,Nirma,90,0,80.74,80.74
18-05-2021,Surf Excel,110,0,103.35,103.35
19-05-2021,Nirma,90,0,77.56,77.56
19-05-2021,Surf Excel,110,0,109.15,109.15
20-05-2021,Nirma,90,0,85.85,85.85
20-05-2021,Surf Excel,110,0,107.85,107.85
21-05-2021,Nirma,90,0,69.35,69.35
21-05-2021,Surf Excel,110,0,106.39,106.39
22-05-2021,Nirma,90,0.15,77.33,65.73
22-05-2021,Surf Excel,110,0,104.23,104.23
23-05-2021,Nirma,90,0,82.65,82.65
23-05-2021,Surf Excel,110,0,105.02,105.02
24-05-2021,Nirma,90,0,81.96,81.96
24-05-2021,Surf Excel,110,0,103.5,103.5
25-05-2021,Nirma,90,0,79.84,79.84
25-05-2021,Surf Excel,110,0,106.8,106.8
26-05-2021,Nirma,90,0,82.88,82.88
26-05-2021,Surf Excel,110,0,105.87,105.87
27-05-2021,Nirma,90,0,85.47,85.47
27-05-2021,Surf Excel,110,0,106.71,106.71
28-05-2021,Nirma,90,0,72.49,72.49
28-05-2021,Surf Excel,110,0,102.86,102.86
29-05-2021,Nirma,90,0,89.71,89.71
29-05-2021,Surf Excel,110,0,106.47,106.47
30-05-2021,Nirma,90,0,71.9,71.9
30-05-2021,Surf Excel,110,0,108.95,108.95
31-05-2021,Nirma,90,0.24,75.84,60
31-05-2021,Surf Excel,110,0,103.96,103.96
01-06-2021,Nirma,90,0,75.88,75.88
01-06-2021,Surf Excel,110,0,108.18,108.18
02-06-2021,Nirma,90,0,77.8,77.8
02-06-2021,Surf Excel,110,0,107.24,107.24
03-06-2021,Nirma,90,0,61.72,61.72
03-06-2021,Surf Excel,110,0,103.53,103.53
04-06-2021,Nirma,90,0,79.31,79.31
04-06-2021,Surf Excel,110,0,102.54,102.54
05-06-2021,Nirma,90,0,81.28,81.28
05-06-2021,Surf Excel,110,0,108.69,108.69
06-06-2021,Nirma,90,0,85.53,85.53
06-06-2021,Surf Excel,110,0,107.13,107.13
07-06-2021,Nirma,90,0,77.09,77.09
07-06-2021,Surf Excel,110,0,104.77,104.77
08-06-2021,Nirma,90,0,66.23,66.23
08-06-2021,Surf Excel,110,0,107.59,107.59
09-06-2021,Nirma,90,0,82.52,82.52
09-06-2021,Surf Excel,110,0.1,105.45,94.9
10-06-2021,Nirma,90,0,87.64,87.64
10-06-2021,Surf Excel,110,0,109.3,109.3
11-06-2021,Nirma,90,0,85.98,85.98
11-06-2021,Surf Excel,110,0,102.48,102.48
12-06-2021,Nirma,90,0,77.42,77.42
12-06-2021,Surf Excel,110,0.14,107.88,92.77
13-06-2021,Nirma,90,0,79.34,79.34
13-06-2021,Surf Excel,110,0,100.22,100.22
14-06-2021,Nirma,90,0,84.41,84.41
14-06-2021,Surf Excel,110,0,103.01,103.01
15-06-2021,Nirma,90,0,84.44,84.44
15-06-2021,Surf Excel,110,0,99.28,99.28
16-06-2021,Nirma,90,0.21,78.82,62.27
16-06-2021,Surf Excel,110,0,104.42,104.42
17-06-2021,Nirma,90,0,79.36,79.36
17-06-2021,Surf Excel,110,0,109.18,109.18
18-06-2021,Nirma,90,0,75.87,75.87
18-06-2021,Surf Excel,110,0,106.51,106.51
19-06-2021,Nirma,90,0,77.28,77.28
19-06-2021,Surf Excel,110,0,104.9,104.9
20-06-2021,Nirma,90,0,79.06,79.06
20-06-2021,Surf Excel,110,0,109.21,109.21
21-06-2021,Nirma,90,0,66.88,66.88
21-06-2021,Surf Excel,110,0,106.6,106.6
22-06-2021,Nirma,90,0,78.57,78.57
22-06-2021,Surf Excel,110,0,106.18,106.18
23-06-2021,Nirma,90,0,78.88,78.88
23-06-2021,Surf Excel,110,0,103.67,103.67
24-06-2021,Nirma,90,0,81.26,81.26
24-06-2021,Surf Excel,110,0,99.92,99.92
25-06-2021,Nirma,90,0.13,89.72,78.06
25-06-2021,Surf Excel,110,0,106.17,106.17
26-06-2021,Nirma,90,0,84.03,84.03
26-06-2021,Surf Excel,110,0,108.3,108.3
27-06-2021,Nirma,90,0,87.5,87.5
27-06-2021,Surf Excel,110,0,100.66,100.66
28-06-2021,Nirma,90,0,83.88,83.88
28-06-2021,Surf Excel,110,0,106.12,106.12
29-06-2021,Nirma,90,0,78.93,78.93
29-06-2021,Surf Excel,110,0,107.58,107.58
30-06-2021,Nirma,90,0,85.3,85.3
30-06-2021,Surf Excel,110,0,108.32,108.32
01-07-2021,Nirma,90,0,73.82,73.82
01-07-2021,Surf Excel,110,0,107.16,107.16
02-07-2021,Nirma,90,0,74.3,74.3
02-07-2021,Surf Excel,110,0,106.09,106.09
03-07-2021,Nirma,90,0.07,82.44,76.67
03-07-2021,Surf Excel,110,0.1,101.12,91.01
04-07-2021,Nirma,90,0,89.01,89.01
04-07-2021,Surf Excel,110,0.08,102.7,94.48
05-07-2021,Nirma,90,0,71.96,71.96
05-07-2021,Surf Excel,110,0,106,106
06-07-2021,Nirma,90,0,77.47,77.47
06-07-2021,Surf Excel,110,0,99.13,99.13
07-07-2021,Nirma,90,0,76.94,76.94
07-07-2021,Surf Excel,110,0,109.17,109.17
08-07-2021,Nirma,90,0.16,79.47,66.76
08-07-2021,Surf Excel,110,0,106.34,106.34
09-07-2021,Nirma,90,0,86.22,86.22
09-07-2021,Surf Excel,110,0,100.95,100.95
10-07-2021,Nirma,90,0,80.07,80.07
10-07-2021,Surf Excel,110,0,103.82,103.82
11-07-2021,Nirma,90,0,72.73,72.73
11-07-2021,Surf Excel,110,0.12,103.04,90.67
12-07-2021,Nirma,90,0,73.13,73.13
12-07-2021,Surf Excel,110,0,102.04,102.04
13-07-2021,Nirma,90,0,79.96,79.96
13-07-2021,Surf Excel,110,0,109.69,109.69
14-07-2021,Nirma,90,0,83.76,83.76
14-07-2021,Surf Excel,110,0.09,104.39,95
15-07-2021,Nirma,90,0,77.61,77.61
15-07-2021,Surf Excel,110,0,109.14,109.14
16-07-2021,Nirma,90,0,77.88,77.88
16-07-2021,Surf Excel,110,0,101.08,101.08
17-07-2021,Nirma,90,0,76.33,76.33
17-07-2021,Surf Excel,110,0,109.82,109.82
18-07-2021,Nirma,90,0,79.99,79.99
18-07-2021,Surf Excel,110,0,105.4,105.4
19-07-2021,Nirma,90,0,82.61,82.61
19-07-2021,Surf Excel,110,0,106.33,106.33
20-07-2021,Nirma,90,0.2,88.83,71.06
20-07-2021,Surf Excel,110,0,107.87,107.87
21-07-2021,Nirma,90,0.2,77.66,62.13
21-07-2021,Surf Excel,110,0,109.56,109.56
22-07-2021,Nirma,90,0,87.85,87.85
22-07-2021,Surf Excel,110,0,107.34,107.34
23-07-2021,Nirma,90,0,84.96,84.96
23-07-2021,Surf Excel,110,0,108.26,108.26
24-07-2021,Nirma,90,0,85.01,85.01
24-07-2021,Surf Excel,110,0,101.95,101.95
25-07-2021,Nirma,90,0,87.74,87.74
25-07-2021,Surf Excel,110,0,108.17,108.17
26-07-2021,Nirma,90,0,87.86,87.86
26-07-2021,Surf Excel,110,0,109.58,109.58
27-07-2021,Nirma,90,0,68.09,68.09
27-07-2021,Surf Excel,110,0,103.49,103.49
28-07-2021,Nirma,90,0,81.66,81.66
28-07-2021,Surf Excel,110,0,105.43,105.43
29-07-2021,Nirma,90,0,77.85,77.85
29-07-2021,Surf Excel,110,0,101.74,101.74
30-07-2021,Nirma,90,0,81.67,81.67
30-07-2021,Surf Excel,110,0,101.51,101.51
31-07-2021,Nirma,90,0.21,78.66,62.14
31-07-2021,Surf Excel,110,0,104.44,104.44
01-08-2021,Nirma,90,0.07,87.03,80.93
01-08-2021,Surf Excel,110,0,105.28,105.28
02-08-2021,Nirma,90,0,80.25,80.25
02-08-2021,Surf Excel,110,0,109.93,109.93
03-08-2021,Nirma,90,0,83.19,83.19
03-08-2021,Surf Excel,110,0,107.76,107.76
04-08-2021,Nirma,90,0,84.84,84.84
04-08-2021,Surf Excel,110,0,107.69,107.69
05-08-2021,Nirma,90,0,78.19,78.19
05-08-2021,Surf Excel,110,0,97.05,97.05
06-08-2021,Nirma,90,0,79.59,79.59
06-08-2021,Surf Excel,110,0,106.06,106.06
07-08-2021,Nirma,90,0,75.12,75.12
07-08-2021,Surf Excel,110,0,104.73,104.73
08-08-2021,Nirma,90,0.11,77.81,69.25
08-08-2021,Surf Excel,110,0,109.35,109.35
09-08-2021,Nirma,90,0,85.19,85.19
09-08-2021,Surf Excel,110,0,103.8,103.8
10-08-2021,Nirma,90,0.18,84.81,69.55
10-08-2021,Surf Excel,110,0,109.21,109.21
11-08-2021,Nirma,90,0,76.4,76.4
11-08-2021,Surf Excel,110,0,106.28,106.28
12-08-2021,Nirma,90,0,71.29,71.29
12-08-2021,Surf Excel,110,0,106.78,106.78
13-08-2021,Nirma,90,0,83.63,83.63
13-08-2021,Surf Excel,110,0.14,107.56,92.5
14-08-2021,Nirma,90,0,80.84,80.84
14-08-2021,Surf Excel,110,0,101.17,101.17
15-08-2021,Nirma,90,0,70.8,70.8
15-08-2021,Surf Excel,110,0,108.77,108.77
16-08-2021,Nirma,90,0,73.62,73.62
16-08-2021,Surf Excel,110,0.07,107.23,99.72
17-08-2021,Nirma,90,0.21,77.49,61.22
17-08-2021,Surf Excel,110,0,106.11,106.11
18-08-2021,Nirma,90,0,85.23,85.23
18-08-2021,Surf Excel,110,0,108.55,108.55
19-08-2021,Nirma,90,0,88.15,88.15
19-08-2021,Surf Excel,110,0,106.55,106.55
20-08-2021,Nirma,90,0,80.38,80.38
20-08-2021,Surf Excel,110,0,107.14,107.14
21-08-2021,Nirma,90,0,75.75,75.75
21-08-2021,Surf Excel,110,0,103.57,103.57
22-08-2021,Nirma,90,0.18,81.09,66.49
22-08-2021,Surf Excel,110,0,104.27,104.27
23-08-2021,Nirma,90,0,78.15,78.15
23-08-2021,Surf Excel,110,0,102.42,102.42
24-08-2021,Nirma,90,0,88.82,88.82
24-08-2021,Surf Excel,110,0,106.23,106.23
25-08-2021,Nirma,90,0,79.88,79.88
25-08-2021,Surf Excel,110,0,103,103
26-08-2021,Nirma,90,0,79.73,79.73
26-08-2021,Surf Excel,110,0,107.19,107.19
27-08-2021,Nirma,90,0,83.74,83.74
27-08-2021,Surf Excel,110,0,106.15,106.15
28-08-2021,Nirma,90,0.14,86.53,74.42
28-08-2021,Surf Excel,110,0,105.25,105.25
29-08-2021,Nirma,90,0,75.74,75.74
29-08-2021,Surf Excel,110,0,107.65,107.65
30-08-2021,Nirma,90,0,70.36,70.36
30-08-2021,Surf Excel,110,0,109.49,109.49
31-08-2021,Nirma,90,0,79.73,79.73
31-08-2021,Surf Excel,110,0,104.69,104.69
01-09-2021,Nirma,90,0,77.33,77.33
01-09-2021,Surf Excel,110,0,106.87,106.87
02-09-2021,Nirma,90,0.14,81.12,69.77
02-09-2021,Surf Excel,110,0,107.21,107.21
03-09-2021,Nirma,90,0,78.45,78.45
03-09-2021,Surf Excel,110,0,104,104
04-09-2021,Nirma,90,0.08,81.89,75.33
04-09-2021,Surf Excel,110,0,99.94,99.94
05-09-2021,Nirma,90,0,85.76,85.76
05-09-2021,Surf Excel,110,0,108.08,108.08
06-09-2021,Nirma,90,0,76.14,76.14
06-09-2021,Surf Excel,110,0,104.95,104.95
07-09-2021,Nirma,90,0,80.79,80.79
07-09-2021,Surf Excel,110,0,108.96,108.96
08-09-2021,Nirma,90,0,78.93,78.93
08-09-2021,Surf Excel,110,0,106.42,106.42
09-09-2021,Nirma,90,0,78.37,78.37
09-09-2021,Surf Excel,110,0,102.13,102.13
10-09-2021,Nirma,90,0,78.18,78.18
10-09-2021,Surf Excel,110,0,108.94,108.94
11-09-2021,Nirma,90,0,82.59,82.59
11-09-2021,Surf Excel,110,0,101.94,101.94
12-09-2021,Nirma,90,0,89.92,89.92
12-09-2021,Surf Excel,110,0,106.38,106.38
13-09-2021,Nirma,90,0,77.82,77.82
13-09-2021,Surf Excel,110,0,105.89,105.89
14-09-2021,Nirma,90,0,84.14,84.14
14-09-2021,Surf Excel,110,0,104.33,104.33
15-09-2021,Nirma,90,0,78.71,78.71
15-09-2021,Surf Excel,110,0,108.35,108.35
16-09-2021,Nirma,90,0.14,75.83,65.21
16-09-2021,Surf Excel,110,0,106.91,106.91
17-09-2021,Nirma,90,0,82.38,82.38
17-09-2021,Surf Excel,110,0,105.21,105.21
18-09-2021,Nirma,90,0,79.07,79.07
18-09-2021,Surf Excel,110,0,103.01,103.01
19-09-2021,Nirma,90,0,86.56,86.56
19-09-2021,Surf Excel,110,0,107.91,107.91
20-09-2021,Nirma,90,0,83.15,83.15
20-09-2021,Surf Excel,110,0,107.19,107.19
21-09-2021,Nirma,90,0,75.11,75.11
21-09-2021,Surf Excel,110,0,109.73,109.73
22-09-2021,Nirma,90,0,82.47,82.47
22-09-2021,Surf Excel,110,0,104.99,104.99
23-09-2021,Nirma,90,0,79.36,79.36
23-09-2021,Surf Excel,110,0,108.69,108.69
24-09-2021,Nirma,90,0,86.19,86.19
24-09-2021,Surf Excel,110,0.12,106.99,94.15
25-09-2021,Nirma,90,0,83.83,83.83
25-09-2021,Surf Excel,110,0,100.35,100.35
26-09-2021,Nirma,90,0,74.75,74.75
26-09-2021,Surf Excel,110,0,106.7,106.7
27-09-2021,Nirma,90,0,77.12,77.12
27-09-2021,Surf Excel,110,0,107.34,107.34
28-09-2021,Nirma,90,0,81.59,81.59
28-09-2021,Surf Excel,110,0,109.36,109.36
29-09-2021,Nirma,90,0,84.44,84.44
29-09-2021,Surf Excel,110,0,101.85,101.85
30-09-2021,Nirma,90,0,83.54,83.54
30-09-2021,Surf Excel,110,0.13,108.99,94.82
01-10-2021,Nirma,90,0,86.32,86.32
01-10-2021,Surf Excel,110,0,108.98,108.98
02-10-2021,Nirma,90,0,82.09,82.09
02-10-2021,Surf Excel,110,0,108.25,108.25
03-10-2021,Nirma,90,0,87.33,87.33
03-10-2021,Surf Excel,110,0,106.54,106.54
04-10-2021,Nirma,90,0,80.97,80.97
04-10-2021,Surf Excel,110,0,102.33,102.33
05-10-2021,Nirma,90,0.21,89.46,70.68
05-10-2021,Surf Excel,110,0,107.99,107.99
06-10-2021,Nirma,90,0,77.59,77.59
06-10-2021,Surf Excel,110,0,107.2,107.2
07-10-2021,Nirma,90,0.22,72.3,60
07-10-2021,Surf Excel,110,0,104.02,104.02
08-10-2021,Nirma,90,0,72.37,72.37
08-10-2021,Surf Excel,110,0,106.5,106.5
09-10-2021,Nirma,90,0.16,73.27,61.54
09-10-2021,Surf Excel,110,0,100.42,100.42
10-10-2021,Nirma,90,0,82.07,82.07
10-10-2021,Surf Excel,110,0,105.18,105.18
11-10-2021,Nirma,90,0,87.44,87.44
11-10-2021,Surf Excel,110,0,105.44,105.44
12-10-2021,Nirma,90,0,74.55,74.55
12-10-2021,Surf Excel,110,0,107.75,107.75
13-10-2021,Nirma,90,0,82.32,82.32
13-10-2021,Surf Excel,110,0,108.74,108.74
14-10-2021,Nirma,90,0,82.14,82.14
14-10-2021,Surf Excel,110,0,109.95,109.95
15-10-2021,Nirma,90,0,75.32,75.32
15-10-2021,Surf Excel,110,0,107.89,107.89
16-10-2021,Nirma,90,0,78.61,78.61
16-10-2021,Surf Excel,110,0,96.2,96.2
17-10-2021,Nirma,90,0,84.54,84.54
17-10-2021,Surf Excel,110,0,102.11,102.11
18-10-2021,Nirma,90,0,78.16,78.16
18-10-2021,Surf Excel,110,0,103.84,103.84
19-10-2021,Nirma,90,0.11,85.04,75.68
19-10-2021,Surf Excel,110,0,109.48,109.48
20-10-2021,Nirma,90,0,81.54,81.54
20-10-2021,Surf Excel,110,0,105.78,105.78
21-10-2021,Nirma,90,0,74.84,74.84
21-10-2021,Surf Excel,110,0.15,101.92,86.63
22-10-2021,Nirma,90,0,85.62,85.62
22-10-2021,Surf Excel,110,0,105.8,105.8
23-10-2021,Nirma,90,0,80.79,80.79
23-10-2021,Surf Excel,110,0,108.14,108.14
24-10-2021,Nirma,90,0,72.94,72.94
24-10-2021,Surf Excel,110,0,106.96,106.96
25-10-2021,Nirma,90,0,74.38,74.38
25-10-2021,Surf Excel,110,0,108.18,108.18
26-10-2021,Nirma,90,0,84.32,84.32
26-10-2021,Surf Excel,110,0,103.23,103.23
27-10-2021,Nirma,90,0,81.78,81.78
27-10-2021,Surf Excel,110,0,107.26,107.26
28-10-2021,Nirma,90,0,74.54,74.54
28-10-2021,Surf Excel,110,0,108.18,108.18
29-10-2021,Nirma,90,0,76.09,76.09
29-10-2021,Surf Excel,110,0,107.82,107.82
30-10-2021,Nirma,90,0.15,78.55,66.77
30-10-2021,Surf Excel,110,0,109.34,109.34
31-10-2021,Nirma,90,0,77.32,77.32
31-10-2021,Surf Excel,110,0,104.46,104.46
01-11-2021,Nirma,90,0.18,81.67,66.97
01-11-2021,Surf Excel,110,0,104.03,104.03
02-11-2021,Nirma,90,0,83.73,83.73
02-11-2021,Surf Excel,110,0.13,103.53,90.07
03-11-2021,Nirma,90,0,83.58,83.58
03-11-2021,Surf Excel,110,0.1,107.05,96.34
04-11-2021,Nirma,90,0,79.47,79.47
04-11-2021,Surf Excel,110,0.1,102.39,92.15
05-11-2021,Nirma,90,0,83.66,83.66
05-11-2021,Surf Excel,110,0.07,108.58,100.98
06-11-2021,Nirma,90,0,81.52,81.52
06-11-2021,Surf Excel,110,0,102.96,102.96
07-11-2021,Nirma,90,0,80.76,80.76
07-11-2021,Surf Excel,110,0,103.9,103.9
08-11-2021,Nirma,90,0,82.69,82.69
08-11-2021,Surf Excel,110,0,101.64,101.64
09-11-2021,Nirma,90,0,79.52,79.52
09-11-2021,Surf Excel,110,0,101.44,101.44
10-11-2021,Nirma,90,0,82.07,82.07
10-11-2021,Surf Excel,110,0.09,109.35,99.51
11-11-2021,Nirma,90,0.08,82.93,76.29
11-11-2021,Surf Excel,110,0,108.98,108.98
12-11-2021,Nirma,90,0,81.53,81.53
12-11-2021,Surf Excel,110,0,107,107
13-11-2021,Nirma,90,0.12,78.39,68.98
13-11-2021,Surf Excel,110,0,105.42,105.42
14-11-2021,Nirma,90,0,79.22,79.22
14-11-2021,Surf Excel,110,0,107.15,107.15
15-11-2021,Nirma,90,0,74.57,74.57
15-11-2021,Surf Excel,110,0,99.45,99.45
16-11-2021,Nirma,90,0,81.12,81.12
16-11-2021,Surf Excel,110,0,109.89,109.89
17-11-2021,Nirma,90,0,76.5,76.5
17-11-2021,Surf Excel,110,0,109.16,109.16
18-11-2021,Nirma,90,0.19,81.58,66.08
18-11-2021,Surf Excel,110,0,106.43,106.43
19-11-2021,Nirma,90,0,75.12,75.12
19-11-2021,Surf Excel,110,0.08,109.08,100.35
20-11-2021,Nirma,90,0,82.98,82.98
20-11-2021,Surf Excel,110,0,109.48,109.48
21-11-2021,Nirma,90,0,68.58,68.58
21-11-2021,Surf Excel,110,0,106,106
22-11-2021,Nirma,90,0,73.06,73.06
22-11-2021,Surf Excel,110,0,107.31,107.31
23-11-2021,Nirma,90,0,78.83,78.83
23-11-2021,Surf Excel,110,0,101.87,101.87
24-11-2021,Nirma,90,0,72.45,72.45
24-11-2021,Surf Excel,110,0,109.15,109.15
25-11-2021,Nirma,90,0,81.85,81.85
25-11-2021,Surf Excel,110,0.14,107.5,92.45
26-11-2021,Nirma,90,0,78.7,78.7
26-11-2021,Surf Excel,110,0,106.27,106.27
27-11-2021,Nirma,90,0,80.38,80.38
27-11-2021,Surf Excel,110,0,103.84,103.84
28-11-2021,Nirma,90,0,80.12,80.12
28-11-2021,Surf Excel,110,0,109.45,109.45
29-11-2021,Nirma,90,0,76.46,76.46
29-11-2021,Surf Excel,110,0,106.68,106.68
30-11-2021,Nirma,90,0,83.28,83.28
30-11-2021,Surf Excel,110,0,104.28,104.28
01-12-2021,Nirma,90,0,73.81,73.81
01-12-2021,Surf Excel,110,0,109.29,109.29
02-12-2021,Nirma,90,0,79.95,79.95
02-12-2021,Surf Excel,110,0,107.19,107.19
03-12-2021,Nirma,90,0,87.27,87.27
03-12-2021,Surf Excel,110,0,103.67,103.67
04-12-2021,Nirma,90,0,87.67,87.67
04-12-2021,Surf Excel,110,0,108.54,108.54
05-12-2021,Nirma,90,0,80.41,80.41
05-12-2021,Surf Excel,110,0,109.48,109.48
06-12-2021,Nirma,90,0,84.26,84.26
06-12-2021,Surf Excel,110,0,103.81,103.81
07-12-2021,Nirma,90,0.21,86.82,68.59
07-12-2021,Surf Excel,110,0,109.19,109.19
08-12-2021,Nirma,90,0,89.17,89.17
08-12-2021,Surf Excel,110,0,102.97,102.97
09-12-2021,Nirma,90,0.17,76.58,63.56
09-12-2021,Surf Excel,110,0,106.2,106.2
10-12-2021,Nirma,90,0,79.99,79.99
10-12-2021,Surf Excel,110,0,106.35,106.35
11-12-2021,Nirma,90,0,79.41,79.41
11-12-2021,Surf Excel,110,0,106.52,106.52
12-12-2021,Nirma,90,0,68.91,68.91
12-12-2021,Surf Excel,110,0,108.38,108.38
13-12-2021,Nirma,90,0,75.33,75.33
13-12-2021,Surf Excel,110,0,108.52,108.52
14-12-2021,Nirma,90,0,76.69,76.69
14-12-2021,Surf Excel,110,0,103.8,103.8
15-12-2021,Nirma,90,0,74.55,74.55
15-12-2021,Surf Excel,110,0,103.74,103.74
16-12-2021,Nirma,90,0,72.83,72.83
16-12-2021,Surf Excel,110,0,107.61,107.61
17-12-2021,Nirma,90,0,81.45,81.45
17-12-2021,Surf Excel,110,0,108.14,108.14
18-12-2021,Nirma,90,0,76.71,76.71
18-12-2021,Surf Excel,110,0,105.34,105.34
19-12-2021,Nirma,90,0,79.29,79.29
19-12-2021,Surf Excel,110,0,107.49,107.49
20-12-2021,Nirma,90,0,72.32,72.32
20-12-2021,Surf Excel,110,0,109.83,109.83
21-12-2021,Nirma,90,0,77.23,77.23
21-12-2021,Surf Excel,110,0,103.89,103.89
22-12-2021,Nirma,90,0,85.63,85.63
22-12-2021,Surf Excel,110,0.1,108.08,97.27
23-12-2021,Nirma,90,0,76.74,76.74
23-12-2021,Surf Excel,110,0,109.83,109.83
24-12-2021,Nirma,90,0,85.17,85.17
24-12-2021,Surf Excel,110,0,105.71,105.71
25-12-2021,Nirma,90,0,77.83,77.83
25-12-2021,Surf Excel,110,0,102.46,102.46
26-12-2021,Nirma,90,0,80.24,80.24
26-12-2021,Surf Excel,110,0,108.59,108.59
27-12-2021,Nirma,90,0,68.45,68.45
27-12-2021,Surf Excel,110,0,106.79,106.79
28-12-2021,Nirma,90,0,85.22,85.22
28-12-2021,Surf Excel,110,0,108.08,108.08
29-12-2021,Nirma,90,0,83.46,83.46
29-12-2021,Surf Excel,110,0,104.3,104.3
30-12-2021,Nirma,90,0.24,73.57,60
30-12-2021,Surf Excel,110,0,104.88,104.88
31-12-2021,Nirma,90,0,83.41,83.41
31-12-2021,Surf Excel,110,0,107.52,107.52
01-01-2022,Nirma,93.6,0,82.3,82.3
01-01-2022,Surf Excel,115.5,0,112.58,112.58
02-01-2022,Nirma,93.6,0,83.8,83.8
02-01-2022,Surf Excel,115.5,0,104.9,104.9
03-01-2022,Nirma,93.6,0,83.51,83.51
03-01-2022,Surf Excel,115.5,0,107.57,107.57
04-01-2022,Nirma,93.6,0,72.85,72.85
04-01-2022,Surf Excel,115.5,0,102.32,102.32
05-01-2022,Nirma,93.6,0,88.77,88.77
05-01-2022,Surf Excel,115.5,0,110.34,110.34
06-01-2022,Nirma,93.6,0,81.52,81.52
06-01-2022,Surf Excel,115.5,0,109.18,109.18
07-01-2022,Nirma,93.6,0.09,86.81,78.99
07-01-2022,Surf Excel,115.5,0,94.74,94.74
08-01-2022,Nirma,93.6,0,88.65,88.65
08-01-2022,Surf Excel,115.5,0,108.68,108.68
09-01-2022,Nirma,93.6,0,91.45,91.45
09-01-2022,Surf Excel,115.5,0,109.86,109.86
10-01-2022,Nirma,93.6,0,80.76,80.76
10-01-2022,Surf Excel,115.5,0,109.99,109.99
11-01-2022,Nirma,93.6,0,75.95,75.95
11-01-2022,Surf Excel,115.5,0,104.68,104.68
12-01-2022,Nirma,93.6,0,84.86,84.86
12-01-2022,Surf Excel,115.5,0,107.9,107.9
13-01-2022,Nirma,93.6,0,81.65,81.65
13-01-2022,Surf Excel,115.5,0,108.84,108.84
14-01-2022,Nirma,93.6,0.22,81.89,63.88
14-01-2022,Surf Excel,115.5,0,112.12,112.12
15-01-2022,Nirma,93.6,0.07,77.03,71.63
15-01-2022,Surf Excel,115.5,0,107.68,107.68
16-01-2022,Nirma,93.6,0,74.31,74.31
16-01-2022,Surf Excel,115.5,0,113.87,113.87
17-01-2022,Nirma,93.6,0,83.47,83.47
17-01-2022,Surf Excel,115.5,0.06,106,99.64
18-01-2022,Nirma,93.6,0,76.49,76.49
18-01-2022,Surf Excel,115.5,0,108.55,108.55
19-01-2022,Nirma,93.6,0,78.07,78.07
19-01-2022,Surf Excel,115.5,0,105.45,105.45
20-01-2022,Nirma,93.6,0,75.92,75.92
20-01-2022,Surf Excel,115.5,0,98.51,98.51
21-01-2022,Nirma,93.6,0,76.12,76.12
21-01-2022,Surf Excel,115.5,0,107.12,107.12
22-01-2022,Nirma,93.6,0,76.31,76.31
22-01-2022,Surf Excel,115.5,0,111.29,111.29
23-01-2022,Nirma,93.6,0,80.15,80.15
23-01-2022,Surf Excel,115.5,0,100.9,100.9
24-01-2022,Nirma,93.6,0,88.11,88.11
24-01-2022,Surf Excel,115.5,0,105.05,105.05
25-01-2022,Nirma,93.6,0.1,84.22,75.8
25-01-2022,Surf Excel,115.5,0,104.41,104.41
26-01-2022,Nirma,93.6,0,91.33,91.33
26-01-2022,Surf Excel,115.5,0,100.6,100.6
27-01-2022,Nirma,93.6,0,89.27,89.27
27-01-2022,Surf Excel,115.5,0,111.2,111.2
28-01-2022,Nirma,93.6,0,85.06,85.06
28-01-2022,Surf Excel,115.5,0.09,112.97,102.81
29-01-2022,Nirma,93.6,0.1,78.67,70.8
29-01-2022,Surf Excel,115.5,0,106.31,106.31
30-01-2022,Nirma,93.6,0,76.35,76.35
30-01-2022,Surf Excel,115.5,0,108.46,108.46
31-01-2022,Nirma,93.6,0.08,89.85,82.66
31-01-2022,Surf Excel,115.5,0,105.54,105.54
01-02-2022,Nirma,93.6,0,81.36,81.36
01-02-2022,Surf Excel,115.5,0,109.33,109.33
02-02-2022,Nirma,93.6,0,84.22,84.22
02-02-2022,Surf Excel,115.5,0,111.67,111.67
03-02-2022,Nirma,93.6,0,79.23,79.23
03-02-2022,Surf Excel,115.5,0,101.2,101.2
04-02-2022,Nirma,93.6,0,83.51,83.51
04-02-2022,Surf Excel,115.5,0,103.43,103.43
05-02-2022,Nirma,93.6,0,79.79,79.79
05-02-2022,Surf Excel,115.5,0,102.52,102.52
06-02-2022,Nirma,93.6,0,82.84,82.84
06-02-2022,Surf Excel,115.5,0,105.03,105.03
07-02-2022,Nirma,93.6,0.12,73.91,65.04
07-02-2022,Surf Excel,115.5,0,92.95,92.95
08-02-2022,Nirma,93.6,0,79.19,79.19
08-02-2022,Surf Excel,115.5,0,110.99,110.99
09-02-2022,Nirma,93.6,0,78.47,78.47
09-02-2022,Surf Excel,115.5,0,113.35,113.35
10-02-2022,Nirma,93.6,0,85.3,85.3
10-02-2022,Surf Excel,115.5,0.13,107.86,93.84
11-02-2022,Nirma,93.6,0,81.73,81.73
11-02-2022,Surf Excel,115.5,0,109.76,109.76
12-02-2022,Nirma,93.6,0,74.84,74.84
12-02-2022,Surf Excel,115.5,0,113.53,113.53
13-02-2022,Nirma,93.6,0.2,83.63,66.9
13-02-2022,Surf Excel,115.5,0,109.35,109.35
14-02-2022,Nirma,93.6,0,71.96,71.96
14-02-2022,Surf Excel,115.5,0,105.75,105.75
15-02-2022,Nirma,93.6,0,82.86,82.86
15-02-2022,Surf Excel,115.5,0,110.25,110.25
16-02-2022,Nirma,93.6,0,75.11,75.11
16-02-2022,Surf Excel,115.5,0,107.41,107.41
17-02-2022,Nirma,93.6,0,76.21,76.21
17-02-2022,Surf Excel,115.5,0,106.82,106.82
18-02-2022,Nirma,93.6,0.1,81.12,73.01
18-02-2022,Surf Excel,115.5,0,98.34,98.34
19-02-2022,Nirma,93.6,0,77.49,77.49
19-02-2022,Surf Excel,115.5,0,109.12,109.12
20-02-2022,Nirma,93.6,0,76.95,76.95
20-02-2022,Surf Excel,115.5,0,106.18,106.18
21-02-2022,Nirma,93.6,0.2,75.54,60.43
21-02-2022,Surf Excel,115.5,0,106.93,106.93
22-02-2022,Nirma,93.6,0,79.37,79.37
22-02-2022,Surf Excel,115.5,0,103.05,103.05
23-02-2022,Nirma,93.6,0,82.76,82.76
23-02-2022,Surf Excel,115.5,0,101.45,101.45
24-02-2022,Nirma,93.6,0,79.02,79.02
24-02-2022,Surf Excel,115.5,0,105.35,105.35
25-02-2022,Nirma,93.6,0,85.8,85.8
25-02-2022,Surf Excel,115.5,0,107.86,107.86
26-02-2022,Nirma,93.6,0,80.82,80.82
26-02-2022,Surf Excel,115.5,0,114.24,114.24
27-02-2022,Nirma,93.6,0,81.46,81.46
27-02-2022,Surf Excel,115.5,0,104.68,104.68
28-02-2022,Nirma,93.6,0.07,82.51,76.74
28-02-2022,Surf Excel,115.5,0,112.17,112.17
01-03-2022,Nirma,93.6,0,78.96,78.96
01-03-2022,Surf Excel,115.5,0,110.67,110.67
02-03-2022,Nirma,93.6,0,75.81,75.81
02-03-2022,Surf Excel,115.5,0.11,109.95,97.86
03-03-2022,Nirma,93.6,0.12,79.45,69.92
03-03-2022,Surf Excel,115.5,0,107.4,107.4
04-03-2022,Nirma,93.6,0.06,74.04,69.6
04-03-2022,Surf Excel,115.5,0,106.03,106.03
05-03-2022,Nirma,93.6,0,76.2,76.2
05-03-2022,Surf Excel,115.5,0,112.32,112.32
06-03-2022,Nirma,93.6,0,80.68,80.68
06-03-2022,Surf Excel,115.5,0,111.17,111.17
07-03-2022,Nirma,93.6,0,84.43,84.43
07-03-2022,Surf Excel,115.5,0,105.79,105.79
08-03-2022,Nirma,93.6,0,90.82,90.82
08-03-2022,Surf Excel,115.5,0,108.29,108.29
09-03-2022,Nirma,93.6,0,77.64,77.64
09-03-2022,Surf Excel,115.5,0,111.12,111.12
10-03-2022,Nirma,93.6,0,78.25,78.25
10-03-2022,Surf Excel,115.5,0,107.74,107.74
11-03-2022,Nirma,93.6,0,80.99,80.99
11-03-2022,Surf Excel,115.5,0,111.82,111.82
12-03-2022,Nirma,93.6,0,83.55,83.55
12-03-2022,Surf Excel,115.5,0,104.7,104.7
13-03-2022,Nirma,93.6,0,78.32,78.32
13-03-2022,Surf Excel,115.5,0,106.1,106.1
14-03-2022,Nirma,93.6,0.21,83.55,66.01
14-03-2022,Surf Excel,115.5,0,105.04,105.04
15-03-2022,Nirma,93.6,0,85.21,85.21
15-03-2022,Surf Excel,115.5,0,114.15,114.15
16-03-2022,Nirma,93.6,0,81.96,81.96
16-03-2022,Surf Excel,115.5,0,101.09,101.09
17-03-2022,Nirma,93.6,0,84.53,84.53
17-03-2022,Surf Excel,115.5,0,106.06,106.06
18-03-2022,Nirma,93.6,0.19,82.56,66.88
18-03-2022,Surf Excel,115.5,0,112.37,112.37
19-03-2022,Nirma,93.6,0.14,76.26,65.58
19-03-2022,Surf Excel,115.5,0,104.49,104.49
20-03-2022,Nirma,93.6,0,83.82,83.82
20-03-2022,Surf Excel,115.5,0,114.51,114.51
21-03-2022,Nirma,93.6,0,78.46,78.46
21-03-2022,Surf Excel,115.5,0,109.32,109.32
22-03-2022,Nirma,93.6,0,84.99,84.99
22-03-2022,Surf Excel,115.5,0,108.69,108.69
23-03-2022,Nirma,93.6,0,79.72,79.72
23-03-2022,Surf Excel,115.5,0,109.51,109.51
24-03-2022,Nirma,93.6,0,82.24,82.24
24-03-2022,Surf Excel,115.5,0,103.03,103.03
25-03-2022,Nirma,93.6,0,81.75,81.75
25-03-2022,Surf Excel,115.5,0,105.95,105.95
26-03-2022,Nirma,93.6,0,76.88,76.88
26-03-2022,Surf Excel,115.5,0,104.86,104.86
27-03-2022,Nirma,93.6,0.16,88.25,74.13
27-03-2022,Surf Excel,115.5,0.08,110.83,101.96
28-03-2022,Nirma,93.6,0,84.12,84.12
28-03-2022,Surf Excel,115.5,0,95.9,95.9
29-03-2022,Nirma,93.6,0,81.62,81.62
29-03-2022,Surf Excel,115.5,0,99.12,99.12
30-03-2022,Nirma,93.6,0,75.6,75.6
30-03-2022,Surf Excel,115.5,0,109.67,109.67
31-03-2022,Nirma,93.6,0,82.66,82.66
31-03-2022,Surf Excel,115.5,0.07,115.49,107.41
01-04-2022,Nirma,93.6,0,86.3,86.3
01-04-2022,Surf Excel,115.5,0,105.18,105.18
02-04-2022,Nirma,93.6,0,77.79,77.79
02-04-2022,Surf Excel,115.5,0,105.54,105.54
03-04-2022,Nirma,93.6,0,76.67,76.67
03-04-2022,Surf Excel,115.5,0,113.12,113.12
04-04-2022,Nirma,93.6,0.14,70.46,60.59
04-04-2022,Surf Excel,115.5,0,109.98,109.98
05-04-2022,Nirma,93.6,0,77.72,77.72
05-04-2022,Surf Excel,115.5,0,112.85,112.85
06-04-2022,Nirma,93.6,0,75.51,75.51
06-04-2022,Surf Excel,115.5,0,109.02,109.02
07-04-2022,Nirma,93.6,0,77.89,77.89
07-04-2022,Surf Excel,115.5,0,106.06,106.06
08-04-2022,Nirma,93.6,0.2,82.34,65.87
08-04-2022,Surf Excel,115.5,0,106.05,106.05
09-04-2022,Nirma,93.6,0,85.58,85.58
09-04-2022,Surf Excel,115.5,0,111.51,111.51
10-04-2022,Nirma,93.6,0,86.83,86.83
10-04-2022,Surf Excel,115.5,0,114.13,114.13
11-04-2022,Nirma,93.6,0,79.57,79.57
11-04-2022,Surf Excel,115.5,0.15,110.32,93.77
12-04-2022,Nirma,93.6,0,82.39,82.39
12-04-2022,Surf Excel,115.5,0,102.7,102.7
13-04-2022,Nirma,93.6,0,75.68,75.68
13-04-2022,Surf Excel,115.5,0,104.05,104.05
14-04-2022,Nirma,93.6,0,75.06,75.06
14-04-2022,Surf Excel,115.5,0,110.45,110.45
15-04-2022,Nirma,93.6,0,81.63,81.63
15-04-2022,Surf Excel,115.5,0,105.24,105.24
16-04-2022,Nirma,93.6,0,80.13,80.13
16-04-2022,Surf Excel,115.5,0,109.18,109.18
17-04-2022,Nirma,93.6,0,87.25,87.25
17-04-2022,Surf Excel,115.5,0,112.68,112.68
18-04-2022,Nirma,93.6,0,73.17,73.17
18-04-2022,Surf Excel,115.5,0,114.12,114.12
19-04-2022,Nirma,93.6,0,74.75,74.75
19-04-2022,Surf Excel,115.5,0,101.45,101.45
20-04-2022,Nirma,93.6,0.09,78.73,71.65
20-04-2022,Surf Excel,115.5,0,112.42,112.42
21-04-2022,Nirma,93.6,0,83.06,83.06
21-04-2022,Surf Excel,115.5,0,99.1,99.1
22-04-2022,Nirma,93.6,0,78.78,78.78
22-04-2022,Surf Excel,115.5,0,111.94,111.94
23-04-2022,Nirma,93.6,0,86.16,86.16
23-04-2022,Surf Excel,115.5,0,101.87,101.87
24-04-2022,Nirma,93.6,0,71.81,71.81
24-04-2022,Surf Excel,115.5,0,107.88,107.88
25-04-2022,Nirma,93.6,0,85.07,85.07
25-04-2022,Surf Excel,115.5,0,103.49,103.49
26-04-2022,Nirma,93.6,0,71.56,71.56
26-04-2022,Surf Excel,115.5,0,103.79,103.79
27-04-2022,Nirma,93.6,0,78.76,78.76
27-04-2022,Surf Excel,115.5,0,108.68,108.68
28-04-2022,Nirma,93.6,0,72.48,72.48
28-04-2022,Surf Excel,115.5,0,108.37,108.37
29-04-2022,Nirma,93.6,0.21,72.62,60
29-04-2022,Surf Excel,115.5,0,113.29,113.29
30-04-2022,Nirma,93.6,0,77.22,77.22
30-04-2022,Surf Excel,115.5,0,106.96,106.96
01-05-2022,Nirma,93.6,0.16,80.74,67.83
01-05-2022,Surf Excel,115.5,0,113.68,113.68
02-05-2022,Nirma,93.6,0.15,87.86,74.68
02-05-2022,Surf Excel,115.5,0,112.75,112.75
03-05-2022,Nirma,93.6,0,77.67,77.67
03-05-2022,Surf Excel,115.5,0,105.51,105.51
04-05-2022,Nirma,93.6,0,80.42,80.42
04-05-2022,Surf Excel,115.5,0,109.87,109.87
05-05-2022,Nirma,93.6,0,74.4,74.4
05-05-2022,Surf Excel,115.5,0,99.54,99.54
06-05-2022,Nirma,93.6,0,75.93,75.93
06-05-2022,Surf Excel,115.5,0,111.13,111.13
07-05-2022,Nirma,93.6,0.24,75.91,60
07-05-2022,Surf Excel,115.5,0,108.55,108.55
08-05-2022,Nirma,93.6,0,73.19,73.19
08-05-2022,Surf Excel,115.5,0,102.64,102.64
09-05-2022,Nirma,93.6,0,71.17,71.17
09-05-2022,Surf Excel,115.5,0,103.84,103.84
10-05-2022,Nirma,93.6,0,75.84,75.84
10-05-2022,Surf Excel,115.5,0,103,103
11-05-2022,Nirma,93.6,0,77.29,77.29
11-05-2022,Surf Excel,115.5,0,110.8,110.8
12-05-2022,Nirma,93.6,0,74.41,74.41
12-05-2022,Surf Excel,115.5,0,105.63,105.63
13-05-2022,Nirma,93.6,0,83.71,83.71
13-05-2022,Surf Excel,115.5,0,112.59,112.59
14-05-2022,Nirma,93.6,0,82.79,82.79
14-05-2022,Surf Excel,115.5,0,106.75,106.75
15-05-2022,Nirma,93.6,0.14,77.98,67.06
15-05-2022,Surf Excel,115.5,0.09,107.72,98.03
16-05-2022,Nirma,93.6,0,81.17,81.17
16-05-2022,Surf Excel,115.5,0,105.1,105.1
17-05-2022,Nirma,93.6,0,78.38,78.38
17-05-2022,Surf Excel,115.5,0,108.98,108.98
18-05-2022,Nirma,93.6,0,83.16,83.16
18-05-2022,Surf Excel,115.5,0,102.84,102.84
19-05-2022,Nirma,93.6,0,83.23,83.23
19-05-2022,Surf Excel,115.5,0,112.92,112.92
20-05-2022,Nirma,93.6,0,76.7,76.7
20-05-2022,Surf Excel,115.5,0,111.45,111.45
21-05-2022,Nirma,93.6,0,87.09,87.09
21-05-2022,Surf Excel,115.5,0.14,109.84,94.46
22-05-2022,Nirma,93.6,0,68.11,68.11
22-05-2022,Surf Excel,115.5,0,108.48,108.48
23-05-2022,Nirma,93.6,0,78.35,78.35
23-05-2022,Surf Excel,115.5,0,112.84,112.84
24-05-2022,Nirma,93.6,0,90.4,90.4
24-05-2022,Surf Excel,115.5,0,108.61,108.61
25-05-2022,Nirma,93.6,0,83.77,83.77
25-05-2022,Surf Excel,115.5,0,100.29,100.29
26-05-2022,Nirma,93.6,0,84.32,84.32
26-05-2022,Surf Excel,115.5,0,105.72,105.72
27-05-2022,Nirma,93.6,0.09,81.73,74.37
27-05-2022,Surf Excel,115.5,0,114.81,114.81
28-05-2022,Nirma,93.6,0.11,75.14,66.88
28-05-2022,Surf Excel,115.5,0,111.86,111.86
29-05-2022,Nirma,93.6,0,82.34,82.34
29-05-2022,Surf Excel,115.5,0,105.2,105.2
30-05-2022,Nirma,93.6,0,78.88,78.88
30-05-2022,Surf Excel,115.5,0,104.49,104.49
31-05-2022,Nirma,93.6,0,75.8,75.8
31-05-2022,Surf Excel,115.5,0,109.18,109.18
01-06-2022,Nirma,93.6,0.16,86.23,72.43
01-06-2022,Surf Excel,115.5,0,110.81,110.81
02-06-2022,Nirma,93.6,0,75.31,75.31
02-06-2022,Surf Excel,115.5,0,104,104
03-06-2022,Nirma,93.6,0,73.31,73.31
03-06-2022,Surf Excel,115.5,0,104.2,104.2
04-06-2022,Nirma,93.6,0,76.95,76.95
04-06-2022,Surf Excel,115.5,0,112.02,112.02
05-06-2022,Nirma,93.6,0,84.85,84.85
05-06-2022,Surf Excel,115.5,0,100.41,100.41
06-06-2022,Nirma,93.6,0,73.81,73.81
06-06-2022,Surf Excel,115.5,0,100.88,100.88
07-06-2022,Nirma,93.6,0,80.86,80.86
07-06-2022,Surf Excel,115.5,0,100.92,100.92
08-06-2022,Nirma,93.6,0,73.07,73.07
08-06-2022,Surf Excel,115.5,0,111.62,111.62
09-06-2022,Nirma,93.6,0,81.85,81.85
09-06-2022,Surf Excel,115.5,0,108.07,108.07
10-06-2022,Nirma,93.6,0,83.07,83.07
10-06-2022,Surf Excel,115.5,0,109.71,109.71
11-06-2022,Nirma,93.6,0,76.35,76.35
11-06-2022,Surf Excel,115.5,0,106.22,106.22
12-06-2022,Nirma,93.6,0,83.64,83.64
12-06-2022,Surf Excel,115.5,0,107.38,107.38
13-06-2022,Nirma,93.6,0,81.91,81.91
13-06-2022,Surf Excel,115.5,0,102.22,102.22
14-06-2022,Nirma,93.6,0,87.99,87.99
14-06-2022,Surf Excel,115.5,0,109.6,109.6
15-06-2022,Nirma,93.6,0,75.56,75.56
15-06-2022,Surf Excel,115.5,0,111.4,111.4
16-06-2022,Nirma,93.6,0,81.74,81.74
16-06-2022,Surf Excel,115.5,0,108.44,108.44
17-06-2022,Nirma,93.6,0,73.18,73.18
17-06-2022,Surf Excel,115.5,0,113.49,113.49
18-06-2022,Nirma,93.6,0,77.91,77.91
18-06-2022,Surf Excel,115.5,0,114.92,114.92
19-06-2022,Nirma,93.6,0,75.69,75.69
19-06-2022,Surf Excel,115.5,0,102.97,102.97
20-06-2022,Nirma,93.6,0,73.52,73.52
20-06-2022,Surf Excel,115.5,0,111.27,111.27
21-06-2022,Nirma,93.6,0.06,80.32,75.5
21-06-2022,Surf Excel,115.5,0,110.57,110.57
22-06-2022,Nirma,93.6,0,84.57,84.57
22-06-2022,Surf Excel,115.5,0,110.52,110.52
23-06-2022,Nirma,93.6,0,78.89,78.89
23-06-2022,Surf Excel,115.5,0,108.07,108.07
24-06-2022,Nirma,93.6,0,88.22,88.22
24-06-2022,Surf Excel,115.5,0,112.09,112.09
25-06-2022,Nirma,93.6,0,78.69,78.69
25-06-2022,Surf Excel,115.5,0,104.76,104.76
26-06-2022,Nirma,93.6,0,76.08,76.08
26-06-2022,Surf Excel,115.5,0.09,106.23,96.67
27-06-2022,Nirma,93.6,0,72.36,72.36
27-06-2022,Surf Excel,115.5,0,110.57,110.57
28-06-2022,Nirma,93.6,0,80.07,80.07
28-06-2022,Surf Excel,115.5,0,110.47,110.47
29-06-2022,Nirma,93.6,0,78.37,78.37
29-06-2022,Surf Excel,115.5,0,108.73,108.73
30-06-2022,Nirma,93.6,0,70.68,70.68
30-06-2022,Surf Excel,115.5,0.08,114.5,105.34
01-07-2022,Nirma,93.6,0,87.55,87.55
01-07-2022,Surf Excel,115.5,0,103.03,103.03
02-07-2022,Nirma,93.6,0,92.55,92.55
02-07-2022,Surf Excel,115.5,0,102.01,102.01
03-07-2022,Nirma,93.6,0,77.85,77.85
03-07-2022,Surf Excel,115.5,0,99.58,99.58
04-07-2022,Nirma,93.6,0.14,76.65,65.92
04-07-2022,Surf Excel,115.5,0,108.45,108.45
05-07-2022,Nirma,93.6,0.18,84.35,69.16
05-07-2022,Surf Excel,115.5,0,99.7,99.7
06-07-2022,Nirma,93.6,0,89.26,89.26
06-07-2022,Surf Excel,115.5,0,107.34,107.34
07-07-2022,Nirma,93.6,0,87.58,87.58
07-07-2022,Surf Excel,115.5,0,107.79,107.79
08-07-2022,Nirma,93.6,0,76.12,76.12
08-07-2022,Surf Excel,115.5,0,105.17,105.17
09-07-2022,Nirma,93.6,0,79.8,79.8
09-07-2022,Surf Excel,115.5,0,113.28,113.28
10-07-2022,Nirma,93.6,0,79.82,79.82
10-07-2022,Surf Excel,115.5,0.13,108.78,94.64
11-07-2022,Nirma,93.6,0,79.17,79.17
11-07-2022,Surf Excel,115.5,0,111.5,111.5
12-07-2022,Nirma,93.6,0,77.6,77.6
12-07-2022,Surf Excel,115.5,0,109.38,109.38
13-07-2022,Nirma,93.6,0.15,79.26,67.37
13-07-2022,Surf Excel,115.5,0,109.17,109.17
14-07-2022,Nirma,93.6,0,80.64,80.64
14-07-2022,Surf Excel,115.5,0,110.02,110.02
15-07-2022,Nirma,93.6,0,78.31,78.31
15-07-2022,Surf Excel,115.5,0,100.54,100.54
16-07-2022,Nirma,93.6,0,75.05,75.05
16-07-2022,Surf Excel,115.5,0,108.21,108.21
17-07-2022,Nirma,93.6,0.24,88.6,67.33
17-07-2022,Surf Excel,115.5,0,109.84,109.84
18-07-2022,Nirma,93.6,0,86.16,86.16
18-07-2022,Surf Excel,115.5,0,108.56,108.56
19-07-2022,Nirma,93.6,0,78.13,78.13
19-07-2022,Surf Excel,115.5,0,110.18,110.18
20-07-2022,Nirma,93.6,0,84.81,84.81
20-07-2022,Surf Excel,115.5,0,110.74,110.74
21-07-2022,Nirma,93.6,0,77.15,77.15
21-07-2022,Surf Excel,115.5,0,110.18,110.18
22-07-2022,Nirma,93.6,0,69.48,69.48
22-07-2022,Surf Excel,115.5,0,112.52,112.52
23-07-2022,Nirma,93.6,0,82.75,82.75
23-07-2022,Surf Excel,115.5,0,107.87,107.87
24-07-2022,Nirma,93.6,0,75.81,75.81
24-07-2022,Surf Excel,115.5,0,102.45,102.45
25-07-2022,Nirma,93.6,0.2,74.28,60
25-07-2022,Surf Excel,115.5,0,96.88,96.88
26-07-2022,Nirma,93.6,0,83.92,83.92
26-07-2022,Surf Excel,115.5,0,112.95,112.95
27-07-2022,Nirma,93.6,0,72.27,72.27
27-07-2022,Surf Excel,115.5,0,99.53,99.53
28-07-2022,Nirma,93.6,0,79.18,79.18
28-07-2022,Surf Excel,115.5,0,110.16,110.16
29-07-2022,Nirma,93.6,0.05,78.4,74.48
29-07-2022,Surf Excel,115.5,0,108.09,108.09
30-07-2022,Nirma,93.6,0.05,79.39,75.42
30-07-2022,Surf Excel,115.5,0,108.75,108.75
31-07-2022,Nirma,93.6,0.2,75.71,60.57
31-07-2022,Surf Excel,115.5,0,114.67,114.67
01-08-2022,Nirma,93.6,0,87.38,87.38
01-08-2022,Surf Excel,115.5,0,109.18,109.18
02-08-2022,Nirma,93.6,0,72.41,72.41
02-08-2022,Surf Excel,115.5,0,105.03,105.03
03-08-2022,Nirma,93.6,0,74.16,74.16
03-08-2022,Surf Excel,115.5,0,104.7,104.7
04-08-2022,Nirma,93.6,0,79.84,79.84
04-08-2022,Surf Excel,115.5,0,107.44,107.44
05-08-2022,Nirma,93.6,0.14,78.29,67.33
05-08-2022,Surf Excel,115.5,0,105.05,105.05
06-08-2022,Nirma,93.6,0,77.22,77.22
06-08-2022,Surf Excel,115.5,0,113.38,113.38
07-08-2022,Nirma,93.6,0,73.89,73.89
07-08-2022,Surf Excel,115.5,0,103.22,103.22
08-08-2022,Nirma,93.6,0.05,80.62,76.59
08-08-2022,Surf Excel,115.5,0,109.09,109.09
09-08-2022,Nirma,93.6,0,79.34,79.34
09-08-2022,Surf Excel,115.5,0,113.62,113.62
10-08-2022,Nirma,93.6,0,79.97,79.97
10-08-2022,Surf Excel,115.5,0,108.47,108.47
11-08-2022,Nirma,93.6,0,82.24,82.24
11-08-2022,Surf Excel,115.5,0,104.2,104.2
12-08-2022,Nirma,93.6,0,76.65,76.65
12-08-2022,Surf Excel,115.5,0,111.09,111.09
13-08-2022,Nirma,93.6,0,70.42,70.42
13-08-2022,Surf Excel,115.5,0,102.25,102.25
14-08-2022,Nirma,93.6,0.21,86.3,68.17
14-08-2022,Surf Excel,115.5,0,112.75,112.75
15-08-2022,Nirma,93.6,0,79.81,79.81
15-08-2022,Surf Excel,115.5,0,106.2,106.2
16-08-2022,Nirma,93.6,0,73.73,73.73
16-08-2022,Surf Excel,115.5,0,104.13,104.13
17-08-2022,Nirma,93.6,0,77.57,77.57
17-08-2022,Surf Excel,115.5,0,106.48,106.48
18-08-2022,Nirma,93.6,0,89.45,89.45
18-08-2022,Surf Excel,115.5,0,107.99,107.99
19-08-2022,Nirma,93.6,0,76.22,76.22
19-08-2022,Surf Excel,115.5,0,107.32,107.32
20-08-2022,Nirma,93.6,0,71.48,71.48
20-08-2022,Surf Excel,115.5,0,101.37,101.37
21-08-2022,Nirma,93.6,0.09,76.12,69.27
21-08-2022,Surf Excel,115.5,0,110.51,110.51
22-08-2022,Nirma,93.6,0,78.05,78.05
22-08-2022,Surf Excel,115.5,0,106.78,106.78
23-08-2022,Nirma,93.6,0,77.95,77.95
23-08-2022,Surf Excel,115.5,0,109.71,109.71
24-08-2022,Nirma,93.6,0.22,75.15,60
24-08-2022,Surf Excel,115.5,0,108.88,108.88
25-08-2022,Nirma,93.6,0,85.57,85.57
25-08-2022,Surf Excel,115.5,0.06,114.46,107.6
26-08-2022,Nirma,93.6,0,76.99,76.99
26-08-2022,Surf Excel,115.5,0,107.15,107.15
27-08-2022,Nirma,93.6,0,71.44,71.44
27-08-2022,Surf Excel,115.5,0,112.21,112.21
28-08-2022,Nirma,93.6,0,83.98,83.98
28-08-2022,Surf Excel,115.5,0,109.7,109.7
29-08-2022,Nirma,93.6,0,75.69,75.69
29-08-2022,Surf Excel,115.5,0,110.21,110.21
30-08-2022,Nirma,93.6,0,84.5,84.5
30-08-2022,Surf Excel,115.5,0,105.96,105.96
31-08-2022,Nirma,93.6,0,72.25,72.25
31-08-2022,Surf Excel,115.5,0,109.56,109.56
01-09-2022,Nirma,93.6,0,89.41,89.41
01-09-2022,Surf Excel,115.5,0,101.09,101.09
02-09-2022,Nirma,93.6,0,86.22,86.22
02-09-2022,Surf Excel,115.5,0,109.36,109.36
03-09-2022,Nirma,93.6,0,83.3,83.3
03-09-2022,Surf Excel,115.5,0.13,114.18,99.33
04-09-2022,Nirma,93.6,0,88.17,88.17
04-09-2022,Surf Excel,115.5,0,111.17,111.17
05-09-2022,Nirma,93.6,0,88.12,88.12
05-09-2022,Surf Excel,115.5,0,107.78,107.78
06-09-2022,Nirma,93.6,0,74.62,74.62
06-09-2022,Surf Excel,115.5,0,103.66,103.66
07-09-2022,Nirma,93.6,0,77.77,77.77
07-09-2022,Surf Excel,115.5,0,107.7,107.7
08-09-2022,Nirma,93.6,0,77.96,77.96
08-09-2022,Surf Excel,115.5,0,107.18,107.18
09-09-2022,Nirma,93.6,0,85.98,85.98
09-09-2022,Surf Excel,115.5,0,105.99,105.99
10-09-2022,Nirma,93.6,0.14,85.52,73.55
10-09-2022,Surf Excel,115.5,0,109.5,109.5
11-09-2022,Nirma,93.6,0,72.51,72.51
11-09-2022,Surf Excel,115.5,0,113.01,113.01
12-09-2022,Nirma,93.6,0,71.93,71.93
12-09-2022,Surf Excel,115.5,0,111.76,111.76
13-09-2022,Nirma,93.6,0,80.06,80.06
13-09-2022,Surf Excel,115.5,0,110.69,110.69
14-09-2022,Nirma,93.6,0,80.1,80.1
14-09-2022,Surf Excel,115.5,0,114.05,114.05
15-09-2022,Nirma,93.6,0,81.91,81.91
15-09-2022,Surf Excel,115.5,0,107.65,107.65
16-09-2022,Nirma,93.6,0,80.15,80.15
16-09-2022,Surf Excel,115.5,0,102.95,102.95
17-09-2022,Nirma,93.6,0,84.2,84.2
17-09-2022,Surf Excel,115.5,0,110.5,110.5
18-09-2022,Nirma,93.6,0,86.75,86.75
18-09-2022,Surf Excel,115.5,0,105.6,105.6
19-09-2022,Nirma,93.6,0,89.52,89.52
19-09-2022,Surf Excel,115.5,0,111.35,111.35
20-09-2022,Nirma,93.6,0,81.65,81.65
20-09-2022,Surf Excel,115.5,0,108.04,108.04
21-09-2022,Nirma,93.6,0,85.65,85.65
21-09-2022,Surf Excel,115.5,0,106.62,106.62
22-09-2022,Nirma,93.6,0,78.61,78.61
22-09-2022,Surf Excel,115.5,0,106.59,106.59
23-09-2022,Nirma,93.6,0.06,88.56,83.25
23-09-2022,Surf Excel,115.5,0,101.25,101.25
24-09-2022,Nirma,93.6,0,73.85,73.85
24-09-2022,Surf Excel,115.5,0,100.71,100.71
25-09-2022,Nirma,93.6,0,80.52,80.52
25-09-2022,Surf Excel,115.5,0,100.71,100.71
26-09-2022,Nirma,93.6,0.19,82.47,66.8
26-09-2022,Surf Excel,115.5,0,112.23,112.23
27-09-2022,Nirma,93.6,0,88.7,88.7
27-09-2022,Surf Excel,115.5,0,106.3,106.3
28-09-2022,Nirma,93.6,0,86.86,86.86
28-09-2022,Surf Excel,115.5,0,104.62,104.62
29-09-2022,Nirma,93.6,0,88.85,88.85
29-09-2022,Surf Excel,115.5,0,115.23,115.23
30-09-2022,Nirma,93.6,0,72.7,72.7
30-09-2022,Surf Excel,115.5,0,107.37,107.37
01-10-2022,Nirma,93.6,0,82.15,82.15
01-10-2022,Surf Excel,115.5,0,110.22,110.22
02-10-2022,Nirma,93.6,0,80.24,80.24
02-10-2022,Surf Excel,115.5,0,103.46,103.46
03-10-2022,Nirma,93.6,0,73.6,73.6
03-10-2022,Surf Excel,115.5,0,106.58,106.58
04-10-2022,Nirma,93.6,0,87.63,87.63
04-10-2022,Surf Excel,115.5,0,108.65,108.65
05-10-2022,Nirma,93.6,0.25,85.39,64.05
05-10-2022,Surf Excel,115.5,0,108.05,108.05
06-10-2022,Nirma,93.6,0,84.05,84.05
06-10-2022,Surf Excel,115.5,0,109.47,109.47
07-10-2022,Nirma,93.6,0,87.62,87.62
07-10-2022,Surf Excel,115.5,0,107.73,107.73
08-10-2022,Nirma,93.6,0,84.24,84.24
08-10-2022,Surf Excel,115.5,0.08,104.88,96.49
09-10-2022,Nirma,93.6,0,74.58,74.58
09-10-2022,Surf Excel,115.5,0,106.38,106.38
10-10-2022,Nirma,93.6,0,80.67,80.67
10-10-2022,Surf Excel,115.5,0,109.14,109.14
11-10-2022,Nirma,93.6,0,83.01,83.01
11-10-2022,Surf Excel,115.5,0,105.38,105.38
12-10-2022,Nirma,93.6,0,80.53,80.53
12-10-2022,Surf Excel,115.5,0,105.76,105.76
13-10-2022,Nirma,93.6,0,69.99,69.99
13-10-2022,Surf Excel,115.5,0,111.45,111.45
14-10-2022,Nirma,93.6,0,74.61,74.61
14-10-2022,Surf Excel,115.5,0,109.67,109.67
15-10-2022,Nirma,93.6,0,83.02,83.02
15-10-2022,Surf Excel,115.5,0,103.25,103.25
16-10-2022,Nirma,93.6,0,76.3,76.3
16-10-2022,Surf Excel,115.5,0,103.22,103.22
17-10-2022,Nirma,93.6,0,74.98,74.98
17-10-2022,Surf Excel,115.5,0,110.14,110.14
18-10-2022,Nirma,93.6,0,82.36,82.36
18-10-2022,Surf Excel,115.5,0.11,110.79,98.6
19-10-2022,Nirma,93.6,0,74.81,74.81
19-10-2022,Surf Excel,115.5,0,112.14,112.14
20-10-2022,Nirma,93.6,0,79.16,79.16
20-10-2022,Surf Excel,115.5,0.06,102.1,95.98
21-10-2022,Nirma,93.6,0.15,83.01,70.56
21-10-2022,Surf Excel,115.5,0,103.76,103.76
22-10-2022,Nirma,93.6,0,80.85,80.85
22-10-2022,Surf Excel,115.5,0.08,97.2,89.42
23-10-2022,Nirma,93.6,0.06,85.83,80.68
23-10-2022,Surf Excel,115.5,0,109.81,109.81
24-10-2022,Nirma,93.6,0,80.05,80.05
24-10-2022,Surf Excel,115.5,0,100.98,100.98
25-10-2022,Nirma,93.6,0.2,83.3,66.64
25-10-2022,Surf Excel,115.5,0,105.25,105.25
26-10-2022,Nirma,93.6,0,86.05,86.05
26-10-2022,Surf Excel,115.5,0.08,108.93,100.21
27-10-2022,Nirma,93.6,0.11,77.48,68.96
27-10-2022,Surf Excel,115.5,0.06,103.96,97.73
28-10-2022,Nirma,93.6,0.21,83.66,66.09
28-10-2022,Surf Excel,115.5,0,112.06,112.06
29-10-2022,Nirma,93.6,0,78.6,78.6
29-10-2022,Surf Excel,115.5,0.13,104.44,90.86
30-10-2022,Nirma,93.6,0,80.16,80.16
30-10-2022,Surf Excel,115.5,0.07,104.6,97.28
31-10-2022,Nirma,93.6,0,83.64,83.64
31-10-2022,Surf Excel,115.5,0,104.86,104.86
01-11-2022,Nirma,93.6,0,71.98,71.98
01-11-2022,Surf Excel,115.5,0,108.77,108.77
02-11-2022,Nirma,93.6,0,80.75,80.75
02-11-2022,Surf Excel,115.5,0,112.83,112.83
03-11-2022,Nirma,93.6,0,77.32,77.32
03-11-2022,Surf Excel,115.5,0,106.86,106.86
04-11-2022,Nirma,93.6,0,84.01,84.01
04-11-2022,Surf Excel,115.5,0,115.49,115.49
05-11-2022,Nirma,93.6,0.16,72.67,61.05
05-11-2022,Surf Excel,115.5,0,108.93,108.93
06-11-2022,Nirma,93.6,0,83.03,83.03
06-11-2022,Surf Excel,115.5,0,103.89,103.89
07-11-2022,Nirma,93.6,0,79.21,79.21
07-11-2022,Surf Excel,115.5,0,109.81,109.81
08-11-2022,Nirma,93.6,0,70.31,70.31
08-11-2022,Surf Excel,115.5,0,102.99,102.99
09-11-2022,Nirma,93.6,0,81.48,81.48
09-11-2022,Surf Excel,115.5,0,115.36,115.36
10-11-2022,Nirma,93.6,0,78.14,78.14
10-11-2022,Surf Excel,115.5,0,109.56,109.56
11-11-2022,Nirma,93.6,0,82.47,82.47
11-11-2022,Surf Excel,115.5,0,106.62,106.62
12-11-2022,Nirma,93.6,0,74.69,74.69
12-11-2022,Surf Excel,115.5,0,107.16,107.16
13-11-2022,Nirma,93.6,0,81.33,81.33
13-11-2022,Surf Excel,115.5,0,111.54,111.54
14-11-2022,Nirma,93.6,0,93.31,93.31
14-11-2022,Surf Excel,115.5,0,104.65,104.65
15-11-2022,Nirma,93.6,0.12,88.06,77.5
15-11-2022,Surf Excel,115.5,0,104.02,104.02
16-11-2022,Nirma,93.6,0,84.12,84.12
16-11-2022,Surf Excel,115.5,0,107.67,107.67
17-11-2022,Nirma,93.6,0,80.96,80.96
17-11-2022,Surf Excel,115.5,0,110.78,110.78
18-11-2022,Nirma,93.6,0,75.94,75.94
18-11-2022,Surf Excel,115.5,0.07,103.73,96.47
19-11-2022,Nirma,93.6,0.1,80.81,72.73
19-11-2022,Surf Excel,115.5,0,109.18,109.18
20-11-2022,Nirma,93.6,0,84.65,84.65
20-11-2022,Surf Excel,115.5,0,100.83,100.83
21-11-2022,Nirma,93.6,0,73.86,73.86
21-11-2022,Surf Excel,115.5,0,106.91,106.91
22-11-2022,Nirma,93.6,0,87.97,87.97
22-11-2022,Surf Excel,115.5,0,113.11,113.11
23-11-2022,Nirma,93.6,0,84.49,84.49
23-11-2022,Surf Excel,115.5,0,113.51,113.51
24-11-2022,Nirma,93.6,0.1,81.99,73.79
24-11-2022,Surf Excel,115.5,0,106.84,106.84
25-11-2022,Nirma,93.6,0,82.28,82.28
25-11-2022,Surf Excel,115.5,0,111.45,111.45
26-11-2022,Nirma,93.6,0.18,80.29,65.84
26-11-2022,Surf Excel,115.5,0,104.8,104.8
27-11-2022,Nirma,93.6,0,74.41,74.41
27-11-2022,Surf Excel,115.5,0,115.09,115.09
28-11-2022,Nirma,93.6,0,70.66,70.66
28-11-2022,Surf Excel,115.5,0.08,105.99,97.51
29-11-2022,Nirma,93.6,0,80.63,80.63
29-11-2022,Surf Excel,115.5,0,108.29,108.29
30-11-2022,Nirma,93.6,0.09,88,80.08
30-11-2022,Surf Excel,115.5,0,103.43,103.43
01-12-2022,Nirma,93.6,0,79.89,79.89
01-12-2022,Surf Excel,115.5,0,104.69,104.69
02-12-2022,Nirma,93.6,0.1,82.24,74.02
02-12-2022,Surf Excel,115.5,0,109.39,109.39
03-12-2022,Nirma,93.6,0,79.17,79.17
03-12-2022,Surf Excel,115.5,0,109.25,109.25
04-12-2022,Nirma,93.6,0,76.5,76.5
04-12-2022,Surf Excel,115.5,0,108.36,108.36
05-12-2022,Nirma,93.6,0,76.68,76.68
05-12-2022,Surf Excel,115.5,0,113.98,113.98
06-12-2022,Nirma,93.6,0,82.28,82.28
06-12-2022,Surf Excel,115.5,0,102.54,102.54
07-12-2022,Nirma,93.6,0,79.34,79.34
07-12-2022,Surf Excel,115.5,0,104.28,104.28
08-12-2022,Nirma,93.6,0.07,81.9,76.17
08-12-2022,Surf Excel,115.5,0,112.92,112.92
09-12-2022,Nirma,93.6,0,85.54,85.54
09-12-2022,Surf Excel,115.5,0,101.94,101.94
10-12-2022,Nirma,93.6,0,77.08,77.08
10-12-2022,Surf Excel,115.5,0,105.49,105.49
11-12-2022,Nirma,93.6,0,85.48,85.48
11-12-2022,Surf Excel,115.5,0,105.97,105.97
12-12-2022,Nirma,93.6,0,76.92,76.92
12-12-2022,Surf Excel,115.5,0,103.36,103.36
13-12-2022,Nirma,93.6,0,77.91,77.91
13-12-2022,Surf Excel,115.5,0,110.23,110.23
14-12-2022,Nirma,93.6,0.15,75.73,64.37
14-12-2022,Surf Excel,115.5,0,107.33,107.33
15-12-2022,Nirma,93.6,0,69.39,69.39
15-12-2022,Surf Excel,115.5,0,110.7,110.7
16-12-2022,Nirma,93.6,0.07,81.82,76.09
16-12-2022,Surf Excel,115.5,0,105.78,105.78
17-12-2022,Nirma,93.6,0,78.89,78.89
17-12-2022,Surf Excel,115.5,0,108.62,108.62
18-12-2022,Nirma,93.6,0,81.19,81.19
18-12-2022,Surf Excel,115.5,0,112.05,112.05
19-12-2022,Nirma,93.6,0,75.87,75.87
19-12-2022,Surf Excel,115.5,0,103.99,103.99
20-12-2022,Nirma,93.6,0.08,80.25,73.83
20-12-2022,Surf Excel,115.5,0.13,107.32,93.37
21-12-2022,Nirma,93.6,0,81.59,81.59
21-12-2022,Surf Excel,115.5,0,104.96,104.96
22-12-2022,Nirma,93.6,0,79.04,79.04
22-12-2022,Surf Excel,115.5,0,111.09,111.09
23-12-2022,Nirma,93.6,0,82.31,82.31
23-12-2022,Surf Excel,115.5,0,113.18,113.18
24-12-2022,Nirma,93.6,0,79.94,79.94
24-12-2022,Surf Excel,115.5,0,105.07,105.07
25-12-2022,Nirma,93.6,0.11,83.22,74.06
25-12-2022,Surf Excel,115.5,0,115.05,115.05
26-12-2022,Nirma,93.6,0.24,79.17,60.17
26-12-2022,Surf Excel,115.5,0,108.71,108.71
27-12-2022,Nirma,93.6,0.12,74.06,65.17
27-12-2022,Surf Excel,115.5,0,105.43,105.43
28-12-2022,Nirma,93.6,0,79.46,79.46
28-12-2022,Surf Excel,115.5,0,108.6,108.6
29-12-2022,Nirma,93.6,0,88.23,88.23
29-12-2022,Surf Excel,115.5,0,109.58,109.58
30-12-2022,Nirma,93.6,0,73.57,73.57
30-12-2022,Surf Excel,115.5,0,111.13,111.13
31-12-2022,Nirma,93.6,0,84.46,84.46
31-12-2022,Surf Excel,115.5,0,107.06,107.06
01-01-2023,Nirma,97.34,0.11,84.37,75.09
01-01-2023,Surf Excel,121.28,0,108.03,108.03
02-01-2023,Nirma,97.34,0.16,76.26,64.06
02-01-2023,Surf Excel,121.28,0,105.36,105.36
03-01-2023,Nirma,97.34,0.11,73.82,65.7
03-01-2023,Surf Excel,121.28,0,106.93,106.93
04-01-2023,Nirma,97.34,0,82.5,82.5
04-01-2023,Surf Excel,121.28,0,102.13,102.13
05-01-2023,Nirma,97.34,0,80.8,80.8
05-01-2023,Surf Excel,121.28,0,109.41,109.41
06-01-2023,Nirma,97.34,0,76.72,76.72
06-01-2023,Surf Excel,121.28,0,113.23,113.23
07-01-2023,Nirma,97.34,0,80.83,80.83
07-01-2023,Surf Excel,121.28,0,105.56,105.56
08-01-2023,Nirma,97.34,0,80.43,80.43
08-01-2023,Surf Excel,121.28,0,115.67,115.67
09-01-2023,Nirma,97.34,0.16,80.69,67.78
09-01-2023,Surf Excel,121.28,0,113.11,113.11
10-01-2023,Nirma,97.34,0,80.47,80.47
10-01-2023,Surf Excel,121.28,0,106.71,106.71
11-01-2023,Nirma,97.34,0,80.57,80.57
11-01-2023,Surf Excel,121.28,0,108.27,108.27
12-01-2023,Nirma,97.34,0,79.94,79.94
12-01-2023,Surf Excel,121.28,0,110.06,110.06
13-01-2023,Nirma,97.34,0,74.67,74.67
13-01-2023,Surf Excel,121.28,0,104.85,104.85
14-01-2023,Nirma,97.34,0,81.13,81.13
14-01-2023,Surf Excel,121.28,0,111.3,111.3
15-01-2023,Nirma,97.34,0,80.7,80.7
15-01-2023,Surf Excel,121.28,0,107.89,107.89
16-01-2023,Nirma,97.34,0,71.97,71.97
16-01-2023,Surf Excel,121.28,0,100.71,100.71
17-01-2023,Nirma,97.34,0,85.15,85.15
17-01-2023,Surf Excel,121.28,0.08,105.54,97.09
18-01-2023,Nirma,97.34,0,68.32,68.32
18-01-2023,Surf Excel,121.28,0,103.12,103.12
19-01-2023,Nirma,97.34,0,74.89,74.89
19-01-2023,Surf Excel,121.28,0,111.7,111.7
20-01-2023,Nirma,97.34,0,83.5,83.5
20-01-2023,Surf Excel,121.28,0,110.09,110.09
21-01-2023,Nirma,97.34,0,85.4,85.4
21-01-2023,Surf Excel,121.28,0,104.88,104.88
22-01-2023,Nirma,97.34,0,78.51,78.51
22-01-2023,Surf Excel,121.28,0,112.14,112.14
23-01-2023,Nirma,97.34,0,73.36,73.36
23-01-2023,Surf Excel,121.28,0,109.8,109.8
24-01-2023,Nirma,97.34,0,83,83
24-01-2023,Surf Excel,121.28,0,107.33,107.33
25-01-2023,Nirma,97.34,0,75.97,75.97
25-01-2023,Surf Excel,121.28,0,110.35,110.35
26-01-2023,Nirma,97.34,0,77.21,77.21
26-01-2023,Surf Excel,121.28,0,107.12,107.12
27-01-2023,Nirma,97.34,0.06,73.01,68.63
27-01-2023,Surf Excel,121.28,0,107.55,107.55
28-01-2023,Nirma,97.34,0,78.58,78.58
28-01-2023,Surf Excel,121.28,0.07,116.72,108.55
29-01-2023,Nirma,97.34,0,88.19,88.19
29-01-2023,Surf Excel,121.28,0,110.71,110.71
30-01-2023,Nirma,97.34,0,85.28,85.28
30-01-2023,Surf Excel,121.28,0,108.59,108.59
31-01-2023,Nirma,97.34,0,75.95,75.95
31-01-2023,Surf Excel,121.28,0,105.4,105.4
01-02-2023,Nirma,97.34,0,76.16,76.16
01-02-2023,Surf Excel,121.28,0,109.37,109.37
02-02-2023,Nirma,97.34,0,82.43,82.43
02-02-2023,Surf Excel,121.28,0,100.95,100.95
03-02-2023,Nirma,97.34,0,81.16,81.16
03-02-2023,Surf Excel,121.28,0,102.05,102.05
04-02-2023,Nirma,97.34,0,83.49,83.49
04-02-2023,Surf Excel,121.28,0,105.37,105.37
05-02-2023,Nirma,97.34,0,73.88,73.88
05-02-2023,Surf Excel,121.28,0,111.21,111.21
06-02-2023,Nirma,97.34,0,85.46,85.46
06-02-2023,Surf Excel,121.28,0,108.58,108.58
07-02-2023,Nirma,97.34,0,83.78,83.78
07-02-2023,Surf Excel,121.28,0,112.34,112.34
08-02-2023,Nirma,97.34,0,76.16,76.16
08-02-2023,Surf Excel,121.28,0,107.69,107.69
09-02-2023,Nirma,97.34,0,82.77,82.77
09-02-2023,Surf Excel,121.28,0,107.54,107.54
10-02-2023,Nirma,97.34,0,85.14,85.14
10-02-2023,Surf Excel,121.28,0,108.37,108.37
11-02-2023,Nirma,97.34,0,84.37,84.37
11-02-2023,Surf Excel,121.28,0,109.95,109.95
12-02-2023,Nirma,97.34,0,82.2,82.2
12-02-2023,Surf Excel,121.28,0,109.46,109.46
13-02-2023,Nirma,97.34,0,85.54,85.54
13-02-2023,Surf Excel,121.28,0.14,113.29,97.43
14-02-2023,Nirma,97.34,0,83.06,83.06
14-02-2023,Surf Excel,121.28,0,109.64,109.64
15-02-2023,Nirma,97.34,0.23,79.55,61.26
15-02-2023,Surf Excel,121.28,0,107.13,107.13
16-02-2023,Nirma,97.34,0,81.07,81.07
16-02-2023,Surf Excel,121.28,0,104.23,104.23
17-02-2023,Nirma,97.34,0.1,74.81,67.33
17-02-2023,Surf Excel,121.28,0,103.7,103.7
18-02-2023,Nirma,97.34,0,86.97,86.97
18-02-2023,Surf Excel,121.28,0,114.44,114.44
19-02-2023,Nirma,97.34,0,82.02,82.02
19-02-2023,Surf Excel,121.28,0,104.46,104.46
20-02-2023,Nirma,97.34,0,88.72,88.72
20-02-2023,Surf Excel,121.28,0,112.51,112.51
21-02-2023,Nirma,97.34,0,83.89,83.89
21-02-2023,Surf Excel,121.28,0,107.36,107.36
22-02-2023,Nirma,97.34,0,84.32,84.32
22-02-2023,Surf Excel,121.28,0,110.14,110.14
23-02-2023,Nirma,97.34,0.15,90.08,76.57
23-02-2023,Surf Excel,121.28,0,102.18,102.18
24-02-2023,Nirma,97.34,0,85.44,85.44
24-02-2023,Surf Excel,121.28,0,107.49,107.49
25-02-2023,Nirma,97.34,0,75.17,75.17
25-02-2023,Surf Excel,121.28,0,115.18,115.18
26-02-2023,Nirma,97.34,0,84.32,84.32
26-02-2023,Surf Excel,121.28,0,102.06,102.06
27-02-2023,Nirma,97.34,0,82.69,82.69
27-02-2023,Surf Excel,121.28,0,105.73,105.73
28-02-2023,Nirma,97.34,0,83.72,83.72
28-02-2023,Surf Excel,121.28,0,112.51,112.51
01-03-2023,Nirma,97.34,0.12,75.71,66.63
01-03-2023,Surf Excel,121.28,0,104.2,104.2
02-03-2023,Nirma,97.34,0,72.15,72.15
02-03-2023,Surf Excel,121.28,0,109.29,109.29
03-03-2023,Nirma,97.34,0,70.94,70.94
03-03-2023,Surf Excel,121.28,0,104.42,104.42
04-03-2023,Nirma,97.34,0,79.2,79.2
04-03-2023,Surf Excel,121.28,0,104.28,104.28
05-03-2023,Nirma,97.34,0,83.39,83.39
05-03-2023,Surf Excel,121.28,0,114.83,114.83
06-03-2023,Nirma,97.34,0,81.05,81.05
06-03-2023,Surf Excel,121.28,0,108.35,108.35
07-03-2023,Nirma,97.34,0,83.45,83.45
07-03-2023,Surf Excel,121.28,0.13,103.22,89.8
08-03-2023,Nirma,97.34,0.11,75.69,67.36
08-03-2023,Surf Excel,121.28,0,108.24,108.24
09-03-2023,Nirma,97.34,0,76.27,76.27
09-03-2023,Surf Excel,121.28,0,113.89,113.89
10-03-2023,Nirma,97.34,0.23,78.54,60.48
10-03-2023,Surf Excel,121.28,0,106.58,106.58
11-03-2023,Nirma,97.34,0,77.39,77.39
11-03-2023,Surf Excel,121.28,0,116.65,116.65
12-03-2023,Nirma,97.34,0,81.37,81.37
12-03-2023,Surf Excel,121.28,0,116.17,116.17
13-03-2023,Nirma,97.34,0,78.56,78.56
13-03-2023,Surf Excel,121.28,0,109.37,109.37
14-03-2023,Nirma,97.34,0,79.71,79.71
14-03-2023,Surf Excel,121.28,0,112.6,112.6
15-03-2023,Nirma,97.34,0,79.53,79.53
15-03-2023,Surf Excel,121.28,0,113.37,113.37
16-03-2023,Nirma,97.34,0,84.92,84.92
16-03-2023,Surf Excel,121.28,0.08,111.59,102.67
17-03-2023,Nirma,97.34,0,81.66,81.66
17-03-2023,Surf Excel,121.28,0,110.06,110.06
18-03-2023,Nirma,97.34,0,82.17,82.17
18-03-2023,Surf Excel,121.28,0,106.45,106.45
19-03-2023,Nirma,97.34,0,76.41,76.41
19-03-2023,Surf Excel,121.28,0,106.49,106.49
20-03-2023,Nirma,97.34,0.2,71.54,60
20-03-2023,Surf Excel,121.28,0,102.83,102.83
21-03-2023,Nirma,97.34,0,83.77,83.77
21-03-2023,Surf Excel,121.28,0,105.03,105.03
22-03-2023,Nirma,97.34,0,77.65,77.65
22-03-2023,Surf Excel,121.28,0,102.2,102.2
23-03-2023,Nirma,97.34,0,77.12,77.12
23-03-2023,Surf Excel,121.28,0,109.4,109.4
24-03-2023,Nirma,97.34,0,76.71,76.71
24-03-2023,Surf Excel,121.28,0,113.39,113.39
25-03-2023,Nirma,97.34,0,78.02,78.02
25-03-2023,Surf Excel,121.28,0,111.33,111.33
26-03-2023,Nirma,97.34,0,78.85,78.85
26-03-2023,Surf Excel,121.28,0,107.52,107.52
27-03-2023,Nirma,97.34,0,80.92,80.92
27-03-2023,Surf Excel,121.28,0,113.28,113.28
28-03-2023,Nirma,97.34,0,77.96,77.96
28-03-2023,Surf Excel,121.28,0,108.83,108.83
29-03-2023,Nirma,97.34,0,78.77,78.77
29-03-2023,Surf Excel,121.28,0,107.15,107.15
30-03-2023,Nirma,97.34,0,83.71,83.71
30-03-2023,Surf Excel,121.28,0,112.04,112.04
31-03-2023,Nirma,97.34,0,82.1,82.1
31-03-2023,Surf Excel,121.28,0,104.38,104.38
01-04-2023,Nirma,97.34,0,84.14,84.14
01-04-2023,Surf Excel,121.28,0,103.96,103.96
02-04-2023,Nirma,97.34,0,81.35,81.35
02-04-2023,Surf Excel,121.28,0,111.74,111.74
03-04-2023,Nirma,97.34,0,84.72,84.72
03-04-2023,Surf Excel,121.28,0,109.28,109.28
04-04-2023,Nirma,97.34,0.21,90.05,71.14
04-04-2023,Surf Excel,121.28,0,106.9,106.9
05-04-2023,Nirma,97.34,0,73.15,73.15
05-04-2023,Surf Excel,121.28,0,107.9,107.9
06-04-2023,Nirma,97.34,0,71.53,71.53
06-04-2023,Surf Excel,121.28,0,108.71,108.71
07-04-2023,Nirma,97.34,0,80.06,80.06
07-04-2023,Surf Excel,121.28,0,106.23,106.23
08-04-2023,Nirma,97.34,0,82.31,82.31
08-04-2023,Surf Excel,121.28,0,110.63,110.63
09-04-2023,Nirma,97.34,0,81.84,81.84
09-04-2023,Surf Excel,121.28,0,110.54,110.54
10-04-2023,Nirma,97.34,0,70.13,70.13
10-04-2023,Surf Excel,121.28,0,108.69,108.69
11-04-2023,Nirma,97.34,0.13,83.74,72.85
11-04-2023,Surf Excel,121.28,0,106.83,106.83
12-04-2023,Nirma,97.34,0.09,85.8,78.07
12-04-2023,Surf Excel,121.28,0,113.21,113.21
13-04-2023,Nirma,97.34,0,76.41,76.41
13-04-2023,Surf Excel,121.28,0,116.2,116.2
14-04-2023,Nirma,97.34,0.21,69.23,60
14-04-2023,Surf Excel,121.28,0,106.23,106.23
15-04-2023,Nirma,97.34,0,83.85,83.85
15-04-2023,Surf Excel,121.28,0,110.43,110.43
16-04-2023,Nirma,97.34,0,85.84,85.84
16-04-2023,Surf Excel,121.28,0,106.54,106.54
17-04-2023,Nirma,97.34,0,75.35,75.35
17-04-2023,Surf Excel,121.28,0,104.7,104.7
18-04-2023,Nirma,97.34,0,84.7,84.7
18-04-2023,Surf Excel,121.28,0,103.82,103.82
19-04-2023,Nirma,97.34,0,89.2,89.2
19-04-2023,Surf Excel,121.28,0,110.62,110.62
20-04-2023,Nirma,97.34,0,84.56,84.56
20-04-2023,Surf Excel,121.28,0,109.89,109.89
21-04-2023,Nirma,97.34,0,79.09,79.09
21-04-2023,Surf Excel,121.28,0,104.65,104.65
22-04-2023,Nirma,97.34,0,80.55,80.55
22-04-2023,Surf Excel,121.28,0,102.69,102.69
23-04-2023,Nirma,97.34,0,91.25,91.25
23-04-2023,Surf Excel,121.28,0,109.29,109.29
24-04-2023,Nirma,97.34,0,75.58,75.58
24-04-2023,Surf Excel,121.28,0,109.89,109.89
25-04-2023,Nirma,97.34,0,79.32,79.32
25-04-2023,Surf Excel,121.28,0,108.14,108.14
26-04-2023,Nirma,97.34,0,82.3,82.3
26-04-2023,Surf Excel,121.28,0,111.88,111.88
27-04-2023,Nirma,97.34,0,76.03,76.03
27-04-2023,Surf Excel,121.28,0,109.89,109.89
28-04-2023,Nirma,97.34,0,81.46,81.46
28-04-2023,Surf Excel,121.28,0,109.18,109.18
29-04-2023,Nirma,97.34,0.13,81.4,70.81
29-04-2023,Surf Excel,121.28,0,105.4,105.4
30-04-2023,Nirma,97.34,0,66.95,66.95
30-04-2023,Surf Excel,121.28,0,111.55,111.55
01-05-2023,Nirma,97.34,0.22,80.21,62.56
01-05-2023,Surf Excel,121.28,0,116.73,116.73
02-05-2023,Nirma,97.34,0,78.69,78.69
02-05-2023,Surf Excel,121.28,0,107.76,107.76
03-05-2023,Nirma,97.34,0,68.77,68.77
03-05-2023,Surf Excel,121.28,0,106.24,106.24
04-05-2023,Nirma,97.34,0,77.45,77.45
04-05-2023,Surf Excel,121.28,0,111.58,111.58
05-05-2023,Nirma,97.34,0.1,83.29,74.96
05-05-2023,Surf Excel,121.28,0,108.51,108.51
06-05-2023,Nirma,97.34,0.19,83.92,67.98
06-05-2023,Surf Excel,121.28,0,106.35,106.35
07-05-2023,Nirma,97.34,0,74.88,74.88
07-05-2023,Surf Excel,121.28,0,107.96,107.96
08-05-2023,Nirma,97.34,0,77.85,77.85
08-05-2023,Surf Excel,121.28,0,111.4,111.4
09-05-2023,Nirma,97.34,0,73.69,73.69
09-05-2023,Surf Excel,121.28,0,104.16,104.16
10-05-2023,Nirma,97.34,0,87.52,87.52
10-05-2023,Surf Excel,121.28,0,111.84,111.84
11-05-2023,Nirma,97.34,0,74.32,74.32
11-05-2023,Surf Excel,121.28,0,105.02,105.02
12-05-2023,Nirma,97.34,0.06,73.76,69.34
12-05-2023,Surf Excel,121.28,0,103.74,103.74
13-05-2023,Nirma,97.34,0,79.39,79.39
13-05-2023,Surf Excel,121.28,0,107.53,107.53
14-05-2023,Nirma,97.34,0.19,74.53,60.37
14-05-2023,Surf Excel,121.28,0,106.91,106.91
15-05-2023,Nirma,97.34,0,81.66,81.66
15-05-2023,Surf Excel,121.28,0,105.26,105.26
16-05-2023,Nirma,97.34,0,74.28,74.28
16-05-2023,Surf Excel,121.28,0.15,106.34,90.39
17-05-2023,Nirma,97.34,0,83.95,83.95
17-05-2023,Surf Excel,121.28,0.13,108.42,94.33
18-05-2023,Nirma,97.34,0,76.01,76.01
18-05-2023,Surf Excel,121.28,0,112.92,112.92
19-05-2023,Nirma,97.34,0,83.93,83.93
19-05-2023,Surf Excel,121.28,0,107.26,107.26
20-05-2023,Nirma,97.34,0,75.79,75.79
20-05-2023,Surf Excel,121.28,0,110.16,110.16
21-05-2023,Nirma,97.34,0,77.37,77.37
21-05-2023,Surf Excel,121.28,0.12,108.5,95.48
22-05-2023,Nirma,97.34,0,79.04,79.04
22-05-2023,Surf Excel,121.28,0,113.31,113.31
23-05-2023,Nirma,97.34,0,77.03,77.03
23-05-2023,Surf Excel,121.28,0.1,105.71,95.14
24-05-2023,Nirma,97.34,0.17,82.07,68.12
24-05-2023,Surf Excel,121.28,0,106.58,106.58
25-05-2023,Nirma,97.34,0,74.02,74.02
25-05-2023,Surf Excel,121.28,0,111.72,111.72
26-05-2023,Nirma,97.34,0.24,82.84,62.96
26-05-2023,Surf Excel,121.28,0,112.89,112.89
27-05-2023,Nirma,97.34,0,89.98,89.98
27-05-2023,Surf Excel,121.28,0,110.15,110.15
28-05-2023,Nirma,97.34,0,87.9,87.9
28-05-2023,Surf Excel,121.28,0,105.02,105.02
29-05-2023,Nirma,97.34,0,79.62,79.62
29-05-2023,Surf Excel,121.28,0.13,99.41,86.49
30-05-2023,Nirma,97.34,0.07,70.68,65.74
30-05-2023,Surf Excel,121.28,0,107.2,107.2
31-05-2023,Nirma,97.34,0,78.55,78.55
31-05-2023,Surf Excel,121.28,0,109.9,109.9
01-06-2023,Nirma,97.34,0,83.83,83.83
01-06-2023,Surf Excel,121.28,0,109.95,109.95
02-06-2023,Nirma,97.34,0,75.8,75.8
02-06-2023,Surf Excel,121.28,0,112.86,112.86
03-06-2023,Nirma,97.34,0,72.24,72.24
03-06-2023,Surf Excel,121.28,0,110.48,110.48
04-06-2023,Nirma,97.34,0,87.41,87.41
04-06-2023,Surf Excel,121.28,0,100.96,100.96
05-06-2023,Nirma,97.34,0,84.18,84.18
05-06-2023,Surf Excel,121.28,0,106.61,106.61
06-06-2023,Nirma,97.34,0,74.67,74.67
06-06-2023,Surf Excel,121.28,0,101.06,101.06
07-06-2023,Nirma,97.34,0.08,82,75.44
07-06-2023,Surf Excel,121.28,0,102.95,102.95
08-06-2023,Nirma,97.34,0,76.98,76.98
08-06-2023,Surf Excel,121.28,0,110.44,110.44
09-06-2023,Nirma,97.34,0.12,70.54,62.08
09-06-2023,Surf Excel,121.28,0,109.14,109.14
10-06-2023,Nirma,97.34,0.23,81.76,62.96
10-06-2023,Surf Excel,121.28,0,107.85,107.85
11-06-2023,Nirma,97.34,0,79.96,79.96
11-06-2023,Surf Excel,121.28,0,107.1,107.1
12-06-2023,Nirma,97.34,0.14,83.54,71.85
12-06-2023,Surf Excel,121.28,0,114.65,114.65
13-06-2023,Nirma,97.34,0.23,83.18,64.05
13-06-2023,Surf Excel,121.28,0,105.47,105.47
14-06-2023,Nirma,97.34,0,82.62,82.62
14-06-2023,Surf Excel,121.28,0,98.45,98.45
15-06-2023,Nirma,97.34,0,79.69,79.69
15-06-2023,Surf Excel,121.28,0,108.63,108.63
16-06-2023,Nirma,97.34,0.05,75.27,71.51
16-06-2023,Surf Excel,121.28,0,112.03,112.03
17-06-2023,Nirma,97.34,0,75.18,75.18
17-06-2023,Surf Excel,121.28,0.14,103.88,89.34
18-06-2023,Nirma,97.34,0.05,78,74.1
18-06-2023,Surf Excel,121.28,0,109.22,109.22
19-06-2023,Nirma,97.34,0,74.91,74.91
19-06-2023,Surf Excel,121.28,0,115.72,115.72
20-06-2023,Nirma,97.34,0,82.42,82.42
20-06-2023,Surf Excel,121.28,0,105.21,105.21
21-06-2023,Nirma,97.34,0.21,77.28,61.05
21-06-2023,Surf Excel,121.28,0,104.15,104.15
22-06-2023,Nirma,97.34,0,80.1,80.1
22-06-2023,Surf Excel,121.28,0.08,104.19,95.86
23-06-2023,Nirma,97.34,0.14,80.29,69.05
23-06-2023,Surf Excel,121.28,0,106.37,106.37
24-06-2023,Nirma,97.34,0,82.33,82.33
24-06-2023,Surf Excel,121.28,0,107.59,107.59
25-06-2023,Nirma,97.34,0,73.53,73.53
25-06-2023,Surf Excel,121.28,0,106.2,106.2
26-06-2023,Nirma,97.34,0,70.75,70.75
26-06-2023,Surf Excel,121.28,0.13,103.78,90.29
27-06-2023,Nirma,97.34,0.1,73.95,66.56
27-06-2023,Surf Excel,121.28,0.09,104.84,95.41
28-06-2023,Nirma,97.34,0,79.89,79.89
28-06-2023,Surf Excel,121.28,0,107.37,107.37
29-06-2023,Nirma,97.34,0,89.36,89.36
29-06-2023,Surf Excel,121.28,0,104.8,104.8
30-06-2023,Nirma,97.34,0,75.83,75.83
30-06-2023,Surf Excel,121.28,0,105.6,105.6
01-07-2023,Nirma,97.34,0.09,73.85,67.2
01-07-2023,Surf Excel,121.28,0,112.35,112.35
02-07-2023,Nirma,97.34,0,78.78,78.78
02-07-2023,Surf Excel,121.28,0,100.64,100.64
03-07-2023,Nirma,97.34,0,82.28,82.28
03-07-2023,Surf Excel,121.28,0,108.51,108.51
04-07-2023,Nirma,97.34,0,83.07,83.07
04-07-2023,Surf Excel,121.28,0.12,110.73,97.44
05-07-2023,Nirma,97.34,0,84.1,84.1
05-07-2023,Surf Excel,121.28,0,114.69,114.69
06-07-2023,Nirma,97.34,0,87.45,87.45
06-07-2023,Surf Excel,121.28,0,112.8,112.8
07-07-2023,Nirma,97.34,0,75.01,75.01
07-07-2023,Surf Excel,121.28,0,107.76,107.76
08-07-2023,Nirma,97.34,0,77.17,77.17
08-07-2023,Surf Excel,121.28,0,109.9,109.9
09-07-2023,Nirma,97.34,0,63.21,63.21
09-07-2023,Surf Excel,121.28,0,102.39,102.39
10-07-2023,Nirma,97.34,0,83.55,83.55
10-07-2023,Surf Excel,121.28,0,108.94,108.94
11-07-2023,Nirma,97.34,0,80.16,80.16
11-07-2023,Surf Excel,121.28,0,109.86,109.86
12-07-2023,Nirma,97.34,0,79.6,79.6
12-07-2023,Surf Excel,121.28,0,111.31,111.31
13-07-2023,Nirma,97.34,0,73.8,73.8
13-07-2023,Surf Excel,121.28,0,98.91,98.91
14-07-2023,Nirma,97.34,0,84.15,84.15
14-07-2023,Surf Excel,121.28,0,105.63,105.63
15-07-2023,Nirma,97.34,0,76.11,76.11
15-07-2023,Surf Excel,121.28,0,103.81,103.81
16-07-2023,Nirma,97.34,0,84.44,84.44
16-07-2023,Surf Excel,121.28,0.07,105.84,98.44
17-07-2023,Nirma,97.34,0,79.8,79.8
17-07-2023,Surf Excel,121.28,0,109.15,109.15
18-07-2023,Nirma,97.34,0,73.93,73.93
18-07-2023,Surf Excel,121.28,0,99.23,99.23
19-07-2023,Nirma,97.34,0,73.92,73.92
19-07-2023,Surf Excel,121.28,0,107.96,107.96
20-07-2023,Nirma,97.34,0.17,84.75,70.35
20-07-2023,Surf Excel,121.28,0,107.4,107.4
21-07-2023,Nirma,97.34,0,82.06,82.06
21-07-2023,Surf Excel,121.28,0,106.74,106.74
22-07-2023,Nirma,97.34,0,80.98,80.98
22-07-2023,Surf Excel,121.28,0,106.59,106.59
23-07-2023,Nirma,97.34,0,73.75,73.75
23-07-2023,Surf Excel,121.28,0,114.34,114.34
24-07-2023,Nirma,97.34,0,75.91,75.91
24-07-2023,Surf Excel,121.28,0,108.28,108.28
25-07-2023,Nirma,97.34,0,78.68,78.68
25-07-2023,Surf Excel,121.28,0,109.67,109.67
26-07-2023,Nirma,97.34,0,68.29,68.29
26-07-2023,Surf Excel,121.28,0,102.73,102.73
27-07-2023,Nirma,97.34,0,78.01,78.01
27-07-2023,Surf Excel,121.28,0,105.81,105.81
28-07-2023,Nirma,97.34,0,69.8,69.8
28-07-2023,Surf Excel,121.28,0,111,111
29-07-2023,Nirma,97.34,0.16,70.8,60
29-07-2023,Surf Excel,121.28,0,106.98,106.98
30-07-2023,Nirma,97.34,0.2,78.93,63.15
30-07-2023,Surf Excel,121.28,0,110.12,110.12
31-07-2023,Nirma,97.34,0,81.15,81.15
31-07-2023,Surf Excel,121.28,0,100.02,100.02
01-08-2023,Nirma,97.34,0,87.51,87.51
01-08-2023,Surf Excel,121.28,0,107.27,107.27
02-08-2023,Nirma,97.34,0,74.11,74.11
02-08-2023,Surf Excel,121.28,0,107.95,107.95
03-08-2023,Nirma,97.34,0,86.52,86.52
03-08-2023,Surf Excel,121.28,0,105.21,105.21
04-08-2023,Nirma,97.34,0,77.86,77.86
04-08-2023,Surf Excel,121.28,0,107.42,107.42
05-08-2023,Nirma,97.34,0,80.12,80.12
05-08-2023,Surf Excel,121.28,0,104.49,104.49
06-08-2023,Nirma,97.34,0.11,85.15,75.78
06-08-2023,Surf Excel,121.28,0,107.18,107.18
07-08-2023,Nirma,97.34,0,82.36,82.36
07-08-2023,Surf Excel,121.28,0,105.51,105.51
08-08-2023,Nirma,97.34,0.15,79.62,67.67
08-08-2023,Surf Excel,121.28,0,105.82,105.82
09-08-2023,Nirma,97.34,0,92.56,92.56
09-08-2023,Surf Excel,121.28,0,105.95,105.95
10-08-2023,Nirma,97.34,0,84.03,84.03
10-08-2023,Surf Excel,121.28,0,110.94,110.94
11-08-2023,Nirma,97.34,0,81.3,81.3
11-08-2023,Surf Excel,121.28,0,106.83,106.83
12-08-2023,Nirma,97.34,0,83.5,83.5
12-08-2023,Surf Excel,121.28,0,113.81,113.81
13-08-2023,Nirma,97.34,0,81.04,81.04
13-08-2023,Surf Excel,121.28,0,108.43,108.43
14-08-2023,Nirma,97.34,0,79.65,79.65
14-08-2023,Surf Excel,121.28,0,111.16,111.16
15-08-2023,Nirma,97.34,0,71.34,71.34
15-08-2023,Surf Excel,121.28,0,99.33,99.33
16-08-2023,Nirma,97.34,0,77.64,77.64
16-08-2023,Surf Excel,121.28,0,114.49,114.49
17-08-2023,Nirma,97.34,0,84.95,84.95
17-08-2023,Surf Excel,121.28,0,103.81,103.81
18-08-2023,Nirma,97.34,0,74.77,74.77
18-08-2023,Surf Excel,121.28,0,106.21,106.21
19-08-2023,Nirma,97.34,0.23,83.5,64.29
19-08-2023,Surf Excel,121.28,0,104.43,104.43
20-08-2023,Nirma,97.34,0,76.92,76.92
20-08-2023,Surf Excel,121.28,0,96.9,96.9
21-08-2023,Nirma,97.34,0,76.06,76.06
21-08-2023,Surf Excel,121.28,0.09,103.44,94.13
22-08-2023,Nirma,97.34,0,75.9,75.9
22-08-2023,Surf Excel,121.28,0,108.6,108.6
23-08-2023,Nirma,97.34,0.15,84.07,71.46
23-08-2023,Surf Excel,121.28,0,104.58,104.58
24-08-2023,Nirma,97.34,0,75.99,75.99
24-08-2023,Surf Excel,121.28,0,104.72,104.72
25-08-2023,Nirma,97.34,0,77.5,77.5
25-08-2023,Surf Excel,121.28,0,114.69,114.69
26-08-2023,Nirma,97.34,0.24,76.76,60
26-08-2023,Surf Excel,121.28,0,107.14,107.14
27-08-2023,Nirma,97.34,0,80.17,80.17
27-08-2023,Surf Excel,121.28,0,110.98,110.98
28-08-2023,Nirma,97.34,0,74.64,74.64
28-08-2023,Surf Excel,121.28,0,106.21,106.21
29-08-2023,Nirma,97.34,0,84.3,84.3
29-08-2023,Surf Excel,121.28,0,109.19,109.19
30-08-2023,Nirma,97.34,0,86.98,86.98
30-08-2023,Surf Excel,121.28,0,105.05,105.05
31-08-2023,Nirma,97.34,0,72.35,72.35
31-08-2023,Surf Excel,121.28,0,105.72,105.72
01-09-2023,Nirma,97.34,0.25,76.79,60
01-09-2023,Surf Excel,121.28,0,106.72,106.72
02-09-2023,Nirma,97.34,0,72.37,72.37
02-09-2023,Surf Excel,121.28,0.06,110.63,103.99
03-09-2023,Nirma,97.34,0,72.29,72.29
03-09-2023,Surf Excel,121.28,0,105.78,105.78
04-09-2023,Nirma,97.34,0,80.28,80.28
04-09-2023,Surf Excel,121.28,0.08,111.24,102.34
05-09-2023,Nirma,97.34,0,77.13,77.13
05-09-2023,Surf Excel,121.28,0,107.88,107.88
06-09-2023,Nirma,97.34,0,79.06,79.06
06-09-2023,Surf Excel,121.28,0,99.66,99.66
07-09-2023,Nirma,97.34,0.06,78.72,73.99
07-09-2023,Surf Excel,121.28,0,115.2,115.2
08-09-2023,Nirma,97.34,0,88.82,88.82
08-09-2023,Surf Excel,121.28,0,109.24,109.24
09-09-2023,Nirma,97.34,0,85.82,85.82
09-09-2023,Surf Excel,121.28,0,104.29,104.29
10-09-2023,Nirma,97.34,0,82.5,82.5
10-09-2023,Surf Excel,121.28,0,116.68,116.68
11-09-2023,Nirma,97.34,0,72.88,72.88
11-09-2023,Surf Excel,121.28,0,113.06,113.06
12-09-2023,Nirma,97.34,0,77.82,77.82
12-09-2023,Surf Excel,121.28,0,108.22,108.22
13-09-2023,Nirma,97.34,0,75.93,75.93
13-09-2023,Surf Excel,121.28,0,109.42,109.42
14-09-2023,Nirma,97.34,0,75.24,75.24
14-09-2023,Surf Excel,121.28,0,108,108
15-09-2023,Nirma,97.34,0,83.82,83.82
15-09-2023,Surf Excel,121.28,0,111.73,111.73
16-09-2023,Nirma,97.34,0,80.6,80.6
16-09-2023,Surf Excel,121.28,0,108.12,108.12
17-09-2023,Nirma,97.34,0,85.27,85.27
17-09-2023,Surf Excel,121.28,0,107.05,107.05
18-09-2023,Nirma,97.34,0,76.2,76.2
18-09-2023,Surf Excel,121.28,0,105.72,105.72
19-09-2023,Nirma,97.34,0,79.1,79.1
19-09-2023,Surf Excel,121.28,0,104.35,104.35
20-09-2023,Nirma,97.34,0,84.75,84.75
20-09-2023,Surf Excel,121.28,0.14,109.36,94.05
21-09-2023,Nirma,97.34,0,84.11,84.11
21-09-2023,Surf Excel,121.28,0,106.45,106.45
22-09-2023,Nirma,97.34,0,78.35,78.35
22-09-2023,Surf Excel,121.28,0,104.66,104.66
23-09-2023,Nirma,97.34,0,77.7,77.7
23-09-2023,Surf Excel,121.28,0,107.61,107.61
24-09-2023,Nirma,97.34,0.25,75.73,60
24-09-2023,Surf Excel,121.28,0,119.14,119.14
25-09-2023,Nirma,97.34,0,76.75,76.75
25-09-2023,Surf Excel,121.28,0,102.98,102.98
26-09-2023,Nirma,97.34,0,78.66,78.66
26-09-2023,Surf Excel,121.28,0,107.5,107.5
27-09-2023,Nirma,97.34,0,76.91,76.91
27-09-2023,Surf Excel,121.28,0,110.75,110.75
28-09-2023,Nirma,97.34,0,75.21,75.21
28-09-2023,Surf Excel,121.28,0,114.37,114.37
29-09-2023,Nirma,97.34,0.19,79.51,64.4
29-09-2023,Surf Excel,121.28,0,101.87,101.87
30-09-2023,Nirma,97.34,0,87.98,87.98
30-09-2023,Surf Excel,121.28,0.07,110.09,102.39
01-10-2023,Nirma,97.34,0,81.39,81.39
01-10-2023,Surf Excel,121.28,0,112.11,112.11
02-10-2023,Nirma,97.34,0.22,83.07,64.79
02-10-2023,Surf Excel,121.28,0,109.85,109.85
03-10-2023,Nirma,97.34,0.23,80.55,62.02
03-10-2023,Surf Excel,121.28,0,107.2,107.2
04-10-2023,Nirma,97.34,0,77.09,77.09
04-10-2023,Surf Excel,121.28,0,108.55,108.55
05-10-2023,Nirma,97.34,0,75.03,75.03
05-10-2023,Surf Excel,121.28,0,106.04,106.04
06-10-2023,Nirma,97.34,0,83.95,83.95
06-10-2023,Surf Excel,121.28,0,107.73,107.73
07-10-2023,Nirma,97.34,0,70.26,70.26
07-10-2023,Surf Excel,121.28,0,108.98,108.98
08-10-2023,Nirma,97.34,0,86.81,86.81
08-10-2023,Surf Excel,121.28,0,105.3,105.3
09-10-2023,Nirma,97.34,0,82.3,82.3
09-10-2023,Surf Excel,121.28,0,111.93,111.93
10-10-2023,Nirma,97.34,0,86.45,86.45
10-10-2023,Surf Excel,121.28,0,108.03,108.03
11-10-2023,Nirma,97.34,0,80.89,80.89
11-10-2023,Surf Excel,121.28,0,112.16,112.16
12-10-2023,Nirma,97.34,0,76.72,76.72
12-10-2023,Surf Excel,121.28,0,104.8,104.8
13-10-2023,Nirma,97.34,0,76.03,76.03
13-10-2023,Surf Excel,121.28,0,105.87,105.87
14-10-2023,Nirma,97.34,0.24,71.83,60
14-10-2023,Surf Excel,121.28,0.14,104.44,89.82
15-10-2023,Nirma,97.34,0,86.5,86.5
15-10-2023,Surf Excel,121.28,0,113.3,113.3
16-10-2023,Nirma,97.34,0.08,82.42,75.83
16-10-2023,Surf Excel,121.28,0,109.92,109.92
17-10-2023,Nirma,97.34,0.19,83.78,67.86
17-10-2023,Surf Excel,121.28,0,106.85,106.85
18-10-2023,Nirma,97.34,0,80.42,80.42
18-10-2023,Surf Excel,121.28,0,104.36,104.36
19-10-2023,Nirma,97.34,0,83.31,83.31
19-10-2023,Surf Excel,121.28,0,99.99,99.99
20-10-2023,Nirma,97.34,0.16,83.52,70.16
20-10-2023,Surf Excel,121.28,0,107.41,107.41
21-10-2023,Nirma,97.34,0,80.31,80.31
21-10-2023,Surf Excel,121.28,0,104.94,104.94
22-10-2023,Nirma,97.34,0.17,85.65,71.09
22-10-2023,Surf Excel,121.28,0,104.67,104.67
23-10-2023,Nirma,97.34,0,84.18,84.18
23-10-2023,Surf Excel,121.28,0,104.18,104.18
24-10-2023,Nirma,97.34,0.2,76.53,61.22
24-10-2023,Surf Excel,121.28,0,104.76,104.76
25-10-2023,Nirma,97.34,0,80.21,80.21
25-10-2023,Surf Excel,121.28,0,112.42,112.42
26-10-2023,Nirma,97.34,0,78.89,78.89
26-10-2023,Surf Excel,121.28,0.06,106.96,100.54
27-10-2023,Nirma,97.34,0,79.59,79.59
27-10-2023,Surf Excel,121.28,0,109.11,109.11
28-10-2023,Nirma,97.34,0,85.05,85.05
28-10-2023,Surf Excel,121.28,0,107.29,107.29
29-10-2023,Nirma,97.34,0.25,73.78,60
29-10-2023,Surf Excel,121.28,0.11,102.25,91
30-10-2023,Nirma,97.34,0,83.63,83.63
30-10-2023,Surf Excel,121.28,0,107.05,107.05
31-10-2023,Nirma,97.34,0,79.46,79.46
31-10-2023,Surf Excel,121.28,0,108.6,108.6
01-11-2023,Nirma,97.34,0,70.09,70.09
01-11-2023,Surf Excel,121.28,0,103.22,103.22
02-11-2023,Nirma,97.34,0,76.81,76.81
02-11-2023,Surf Excel,121.28,0,109.42,109.42
03-11-2023,Nirma,97.34,0,82.27,82.27
03-11-2023,Surf Excel,121.28,0.13,100.1,87.09
04-11-2023,Nirma,97.34,0,74.35,74.35
04-11-2023,Surf Excel,121.28,0.12,102.67,90.35
05-11-2023,Nirma,97.34,0.13,76.02,66.13
05-11-2023,Surf Excel,121.28,0.13,107.92,93.89
06-11-2023,Nirma,97.34,0,73.75,73.75
06-11-2023,Surf Excel,121.28,0,104.33,104.33
07-11-2023,Nirma,97.34,0,86.76,86.76
07-11-2023,Surf Excel,121.28,0,110.68,110.68
08-11-2023,Nirma,97.34,0,80.26,80.26
08-11-2023,Surf Excel,121.28,0,107.38,107.38
09-11-2023,Nirma,97.34,0.09,81.69,74.34
09-11-2023,Surf Excel,121.28,0.15,105.73,89.87
10-11-2023,Nirma,97.34,0,79.26,79.26
10-11-2023,Surf Excel,121.28,0,106.2,106.2
11-11-2023,Nirma,97.34,0,75.21,75.21
11-11-2023,Surf Excel,121.28,0.12,105.6,92.93
12-11-2023,Nirma,97.34,0.07,73.25,68.13
12-11-2023,Surf Excel,121.28,0,100.83,100.83
13-11-2023,Nirma,97.34,0,79.45,79.45
13-11-2023,Surf Excel,121.28,0,102.1,102.1
14-11-2023,Nirma,97.34,0,75.2,75.2
14-11-2023,Surf Excel,121.28,0,112.93,112.93
15-11-2023,Nirma,97.34,0,76.59,76.59
15-11-2023,Surf Excel,121.28,0,106.69,106.69
16-11-2023,Nirma,97.34,0,81.63,81.63
16-11-2023,Surf Excel,121.28,0,110.01,110.01
17-11-2023,Nirma,97.34,0,79.79,79.79
17-11-2023,Surf Excel,121.28,0,109.3,109.3
18-11-2023,Nirma,97.34,0,73.55,73.55
18-11-2023,Surf Excel,121.28,0.05,106.92,101.58
19-11-2023,Nirma,97.34,0,86.42,86.42
19-11-2023,Surf Excel,121.28,0,107.27,107.27
20-11-2023,Nirma,97.34,0,78.88,78.88
20-11-2023,Surf Excel,121.28,0,103.52,103.52
21-11-2023,Nirma,97.34,0.16,77.22,64.87
21-11-2023,Surf Excel,121.28,0,110.84,110.84
22-11-2023,Nirma,97.34,0,72.58,72.58
22-11-2023,Surf Excel,121.28,0,111.45,111.45
23-11-2023,Nirma,97.34,0,86.27,86.27
23-11-2023,Surf Excel,121.28,0,105.18,105.18
24-11-2023,Nirma,97.34,0.2,74.77,60
24-11-2023,Surf Excel,121.28,0,109.04,109.04
25-11-2023,Nirma,97.34,0,86.77,86.77
25-11-2023,Surf Excel,121.28,0,114.07,114.07
26-11-2023,Nirma,97.34,0,73.43,73.43
26-11-2023,Surf Excel,121.28,0,106.06,106.06
27-11-2023,Nirma,97.34,0,81.91,81.91
27-11-2023,Surf Excel,121.28,0,107.23,107.23
28-11-2023,Nirma,97.34,0,73.25,73.25
28-11-2023,Surf Excel,121.28,0,108.34,108.34
29-11-2023,Nirma,97.34,0,88.28,88.28
29-11-2023,Surf Excel,121.28,0,109.83,109.83
30-11-2023,Nirma,97.34,0,84.21,84.21
30-11-2023,Surf Excel,121.28,0,106.46,106.46
01-12-2023,Nirma,97.34,0,77.13,77.13
01-12-2023,Surf Excel,121.28,0,101.9,101.9
02-12-2023,Nirma,97.34,0,86.27,86.27
02-12-2023,Surf Excel,121.28,0,113.83,113.83
03-12-2023,Nirma,97.34,0.25,69.63,60
03-12-2023,Surf Excel,121.28,0,106.54,106.54
04-12-2023,Nirma,97.34,0,87.16,87.16
04-12-2023,Surf Excel,121.28,0,106.47,106.47
05-12-2023,Nirma,97.34,0.24,80.77,61.38
05-12-2023,Surf Excel,121.28,0,107.38,107.38
06-12-2023,Nirma,97.34,0,81.58,81.58
06-12-2023,Surf Excel,121.28,0,104.43,104.43
07-12-2023,Nirma,97.34,0,86.85,86.85
07-12-2023,Surf Excel,121.28,0,114.65,114.65
08-12-2023,Nirma,97.34,0,79.7,79.7
08-12-2023,Surf Excel,121.28,0,102.45,102.45
09-12-2023,Nirma,97.34,0,88,88
09-12-2023,Surf Excel,121.28,0,112.55,112.55
10-12-2023,Nirma,97.34,0,82.63,82.63
10-12-2023,Surf Excel,121.28,0,109.73,109.73
11-12-2023,Nirma,97.34,0,88.34,88.34
11-12-2023,Surf Excel,121.28,0,111.98,111.98
12-12-2023,Nirma,97.34,0,87.81,87.81
12-12-2023,Surf Excel,121.28,0,102.37,102.37
13-12-2023,Nirma,97.34,0.21,82.94,65.52
13-12-2023,Surf Excel,121.28,0,109.61,109.61
14-12-2023,Nirma,97.34,0,82.72,82.72
14-12-2023,Surf Excel,121.28,0,116.86,116.86
15-12-2023,Nirma,97.34,0.15,66.76,60
15-12-2023,Surf Excel,121.28,0,112.02,112.02
16-12-2023,Nirma,97.34,0,75.42,75.42
16-12-2023,Surf Excel,121.28,0,105.4,105.4
17-12-2023,Nirma,97.34,0,84.26,84.26
17-12-2023,Surf Excel,121.28,0,108.85,108.85
18-12-2023,Nirma,97.34,0.15,69.48,60
18-12-2023,Surf Excel,121.28,0,106.29,106.29
19-12-2023,Nirma,97.34,0.2,75.47,60.38
19-12-2023,Surf Excel,121.28,0,100.27,100.27
20-12-2023,Nirma,97.34,0,75.93,75.93
20-12-2023,Surf Excel,121.28,0,107.17,107.17
21-12-2023,Nirma,97.34,0,72.92,72.92
21-12-2023,Surf Excel,121.28,0,112,112
22-12-2023,Nirma,97.34,0,85.16,85.16
22-12-2023,Surf Excel,121.28,0,103.99,103.99
23-12-2023,Nirma,97.34,0,85.63,85.63
23-12-2023,Surf Excel,121.28,0,111.87,111.87
24-12-2023,Nirma,97.34,0,78.1,78.1
24-12-2023,Surf Excel,121.28,0,107.89,107.89
25-12-2023,Nirma,97.34,0,78.17,78.17
25-12-2023,Surf Excel,121.28,0,105.61,105.61
26-12-2023,Nirma,97.34,0,74.55,74.55
26-12-2023,Surf Excel,121.28,0,106.6,106.6
27-12-2023,Nirma,97.34,0,73.24,73.24
27-12-2023,Surf Excel,121.28,0,113.42,113.42
28-12-2023,Nirma,97.34,0,77,77
28-12-2023,Surf Excel,121.28,0,105.83,105.83
29-12-2023,Nirma,97.34,0,78.21,78.21
29-12-2023,Surf Excel,121.28,0,110.06,110.06
30-12-2023,Nirma,97.34,0,91.75,91.75
30-12-2023,Surf Excel,121.28,0,110.68,110.68
31-12-2023,Nirma,97.34,0,85.96,85.96
31-12-2023,Surf Excel,121.28,0,102.55,102.55
