TransactionDate,MRP,NoPromoPrice,SellingPrice,UnitsSold
01-01-2021,99,97.95,97.95,12
02-01-2021,99,85.09,85.09,10
03-01-2021,99,92.93,92.93,4
04-01-2021,99,90.24,90.24,7
05-01-2021,99,92.67,92.67,12
06-01-2021,99,77.19,77.19,3
07-01-2021,99,93.59,93.59,3
08-01-2021,99,98.16,98.16,15
09-01-2021,99,91.03,91.03,14
10-01-2021,99,83.81,83.81,7
11-01-2021,99,91.62,75.13,17
12-01-2021,99,96.97,91.15,12
13-01-2021,99,86.26,86.26,4
14-01-2021,99,89.25,89.25,6
15-01-2021,99,83,83,8
16-01-2021,99,95.97,84.46,8
17-01-2021,99,94.98,84.54,8
18-01-2021,99,88.95,88.95,7
19-01-2021,99,91.85,91.85,13
20-01-2021,99,86.79,86.79,11
21-01-2021,99,80.86,80.86,6
22-01-2021,99,86.61,71.02,11
23-01-2021,99,93.57,93.57,11
24-01-2021,99,83.29,83.29,7
25-01-2021,99,90.73,90.73,9
26-01-2021,99,90.41,90.41,13
27-01-2021,99,83.85,83.85,2
28-01-2021,99,88,88,10
29-01-2021,99,89.7,89.7,7
30-01-2021,99,85.67,85.67,4
31-01-2021,99,87.19,80.21,2
01-02-2021,99,92.79,92.79,1
02-02-2021,99,89.75,89.75,9
03-02-2021,99,91.56,86.98,15
04-02-2021,99,98.85,98.85,9
05-02-2021,99,85.38,85.38,8
06-02-2021,99,91.12,91.12,10
07-02-2021,99,87.06,87.06,3
08-02-2021,99,91.05,91.05,16
09-02-2021,99,84.46,84.46,5
10-02-2021,99,88.04,88.04,5
11-02-2021,99,96.89,96.89,6
12-02-2021,99,94.63,94.63,12
13-02-2021,99,87.06,80.1,6
14-02-2021,99,97.3,97.3,13
15-02-2021,99,87.29,73.32,14
16-02-2021,99,85.49,85.49,12
17-02-2021,99,89.56,84.19,4
18-02-2021,99,81.02,66.44,10
19-02-2021,99,90.25,90.25,6
20-02-2021,99,91.74,91.74,6
21-02-2021,99,82.82,82.82,12
22-02-2021,99,78.46,78.46,10
23-02-2021,99,83.84,83.84,16
24-02-2021,99,93.2,93.2,6
25-02-2021,99,97.05,97.05,7
26-02-2021,99,96.38,89.64,24
27-02-2021,99,85.17,85.17,2
28-02-2021,99,91.25,80.3,5
01-03-2021,99,88.18,88.18,4
02-03-2021,99,95.92,95.92,7
03-03-2021,99,94.58,94.58,3
04-03-2021,99,92.94,92.94,7
05-03-2021,99,89.77,89.77,2
06-03-2021,99,88.54,88.54,3
07-03-2021,99,88.86,88.86,9
08-03-2021,99,90.47,90.47,7
09-03-2021,99,97.46,97.46,13
10-03-2021,99,76.87,76.87,2
11-03-2021,99,86.53,86.53,14
12-03-2021,99,90.07,90.07,9
13-03-2021,99,96.7,96.7,3
14-03-2021,99,86.68,86.68,10
15-03-2021,99,88.12,88.12,9
16-03-2021,99,95.01,95.01,10
17-03-2021,99,86.1,86.1,10
18-03-2021,99,89.22,89.22,4
19-03-2021,99,96.58,96.58,20
20-03-2021,99,89.18,89.18,7
21-03-2021,99,84.44,74.31,2
22-03-2021,99,96.58,96.58,7
23-03-2021,99,86.27,86.27,7
24-03-2021,99,78.73,78.73,7
25-03-2021,99,86.57,86.57,5
26-03-2021,99,89.3,75.01,6
27-03-2021,99,92.58,92.58,8
28-03-2021,99,84.33,84.33,12
29-03-2021,99,93.67,93.67,12
30-03-2021,99,87.26,87.26,11
31-03-2021,99,92.52,76.79,8
01-04-2021,99,88.47,88.47,7
02-04-2021,99,85.68,85.68,9
03-04-2021,99,88.38,88.38,7
04-04-2021,99,95.5,80.22,10
05-04-2021,99,84.89,84.89,6
06-04-2021,99,90.89,90.89,9
07-04-2021,99,93.22,93.22,6
08-04-2021,99,79.09,79.09,5
09-04-2021,99,86.88,86.88,7
10-04-2021,99,91.17,91.17,7
11-04-2021,99,85.95,85.95,9
12-04-2021,99,95.64,95.64,9
13-04-2021,99,94.07,94.07,5
14-04-2021,99,87.29,87.29,7
15-04-2021,99,92.51,92.51,7
16-04-2021,99,87.57,87.57,10
17-04-2021,99,94.25,94.25,1
18-04-2021,99,85.54,85.54,6
19-04-2021,99,96.69,96.69,13
20-04-2021,99,82.46,82.46,3
21-04-2021,99,85.05,85.05,6
22-04-2021,99,83.63,83.63,11
23-04-2021,99,87.06,87.06,4
24-04-2021,99,86.7,86.7,3
25-04-2021,99,88.16,88.16,12
26-04-2021,99,97.28,97.28,10
27-04-2021,99,88.77,88.77,9
28-04-2021,99,86.94,86.94,8
29-04-2021,99,93.49,93.49,2
30-04-2021,99,89.48,89.48,10
01-05-2021,99,94.66,94.66,11
02-05-2021,99,86.41,86.41,5
03-05-2021,99,88.49,88.49,10
04-05-2021,99,88.22,88.22,19
05-05-2021,99,88.8,88.8,9
06-05-2021,99,87.36,87.36,2
07-05-2021,99,81.82,81.82,20
08-05-2021,99,85.04,85.04,8
09-05-2021,99,93.99,93.99,9
10-05-2021,99,96.63,96.63,4
11-05-2021,99,95.01,95.01,8
12-05-2021,99,89.43,89.43,9
13-05-2021,99,89.93,89.93,5
14-05-2021,99,81.8,76.08,10
15-05-2021,99,80.19,80.19,7
16-05-2021,99,86.65,86.65,7
17-05-2021,99,93.13,93.13,2
18-05-2021,99,93.68,93.68,11
19-05-2021,99,91.47,91.47,4
20-05-2021,99,88.55,88.55,9
21-05-2021,99,86.62,86.62,5
22-05-2021,99,89.72,89.72,5
23-05-2021,99,87.31,87.31,6
24-05-2021,99,93.8,77.86,8
25-05-2021,99,92.13,92.13,2
26-05-2021,99,96.25,96.25,8
27-05-2021,99,83.92,83.92,6
28-05-2021,99,89.04,89.04,6
29-05-2021,99,93.01,75.34,8
30-05-2021,99,95.29,82.9,6
31-05-2021,99,93.43,93.43,9
01-06-2021,99,94.07,88.42,10
02-06-2021,99,79.55,79.55,5
03-06-2021,99,87.62,87.62,13
04-06-2021,99,92.03,92.03,5
05-06-2021,99,90.62,90.62,12
06-06-2021,99,96.08,96.08,12
07-06-2021,99,83.79,83.79,10
08-06-2021,99,90.69,90.69,9
09-06-2021,99,87.74,87.74,12
10-06-2021,99,89.71,89.71,5
11-06-2021,99,94.55,81.31,19
12-06-2021,99,85.53,85.53,7
13-06-2021,99,87.76,87.76,5
14-06-2021,99,89.16,89.16,24
15-06-2021,99,89.09,89.09,10
16-06-2021,99,88.13,88.13,14
17-06-2021,99,92.8,92.8,7
18-06-2021,99,89.73,89.73,15
19-06-2021,99,87.49,87.49,6
20-06-2021,99,91.53,91.53,10
21-06-2021,99,92.62,78.73,21
22-06-2021,99,86.66,86.66,13
23-06-2021,99,93.21,93.21,14
24-06-2021,99,85.44,85.44,20
25-06-2021,99,92.13,77.39,3
26-06-2021,99,84.51,84.51,5
27-06-2021,99,94.92,76.88,9
28-06-2021,99,89.76,89.76,12
29-06-2021,99,94.12,94.12,2
30-06-2021,99,84.92,84.92,9
01-07-2021,103.95,84.72,84.72,15
02-07-2021,103.95,87.22,87.22,9
03-07-2021,103.95,94.61,94.61,13
04-07-2021,103.95,95.51,95.51,7
05-07-2021,103.95,100.22,100.22,3
06-07-2021,103.95,89.72,89.72,12
07-07-2021,103.95,87.81,87.81,14
08-07-2021,103.95,96.94,96.94,12
09-07-2021,103.95,92.45,92.45,6
10-07-2021,103.95,86.04,86.04,20
11-07-2021,103.95,81.47,77.4,2
12-07-2021,103.95,91.79,91.79,6
13-07-2021,103.95,93.51,93.51,12
14-07-2021,103.95,83.83,83.83,1
15-07-2021,103.95,90.92,90.92,12
16-07-2021,103.95,90.53,90.53,6
17-07-2021,103.95,98.76,98.76,26
18-07-2021,103.95,85.65,85.65,10
19-07-2021,103.95,80.61,80.61,6
20-07-2021,103.95,85.27,85.27,12
21-07-2021,103.95,91.13,91.13,9
22-07-2021,103.95,89.95,89.95,9
23-07-2021,103.95,89.08,89.08,6
24-07-2021,103.95,88.53,88.53,9
25-07-2021,103.95,89.32,71.46,9
26-07-2021,103.95,90.41,90.41,3
27-07-2021,103.95,93.79,93.79,5
28-07-2021,103.95,91.06,91.06,3
29-07-2021,103.95,98.05,98.05,12
30-07-2021,103.95,86.62,86.62,7
31-07-2021,103.95,80.71,80.71,9
01-08-2021,103.95,99.87,99.87,8
02-08-2021,103.95,86.68,86.68,13
03-08-2021,103.95,89.82,89.82,18
04-08-2021,103.95,97.13,97.13,7
05-08-2021,103.95,87.51,87.51,8
06-08-2021,103.95,87.6,87.6,13
07-08-2021,103.95,94.82,94.82,8
08-08-2021,103.95,93.57,93.57,17
09-08-2021,103.95,85.37,85.37,12
10-08-2021,103.95,88.63,80.66,17
11-08-2021,103.95,90.07,90.07,2
12-08-2021,103.95,92.63,92.63,9
13-08-2021,103.95,99.14,99.14,12
14-08-2021,103.95,91.12,91.12,3
15-08-2021,103.95,89.67,89.67,1
16-08-2021,103.95,91.32,91.32,6
17-08-2021,103.95,91.03,91.03,24
18-08-2021,103.95,92.14,92.14,16
19-08-2021,103.95,85.32,85.32,6
20-08-2021,103.95,85.2,85.2,5
21-08-2021,103.95,86.42,86.42,1
22-08-2021,103.95,82.74,82.74,7
23-08-2021,103.95,81.94,81.94,6
24-08-2021,103.95,82.75,82.75,9
25-08-2021,103.95,98.09,98.09,15
26-08-2021,103.95,82.32,82.32,9
27-08-2021,103.95,89.85,89.85,9
28-08-2021,103.95,99.19,99.19,3
29-08-2021,103.95,99.34,99.34,3
30-08-2021,103.95,92.26,92.26,10
31-08-2021,103.95,98.06,98.06,8
01-09-2021,103.95,102.65,102.65,12
02-09-2021,103.95,98.16,98.16,9
03-09-2021,103.95,79.72,79.72,9
04-09-2021,103.95,95.22,95.22,5
05-09-2021,103.95,90.45,90.45,10
06-09-2021,103.95,77.7,77.7,5
07-09-2021,103.95,86.94,86.94,18
08-09-2021,103.95,84.92,84.92,10
09-09-2021,103.95,88.95,88.95,9
10-09-2021,103.95,86.23,86.23,1
11-09-2021,103.95,89.85,89.85,15
12-09-2021,103.95,89.34,89.34,34
13-09-2021,103.95,91.39,91.39,15
14-09-2021,103.95,91.41,91.41,9
15-09-2021,103.95,93.94,93.94,10
16-09-2021,103.95,91.07,91.07,7
17-09-2021,103.95,80.39,80.39,14
18-09-2021,103.95,86.1,73.18,0
19-09-2021,103.95,96.83,96.83,8
20-09-2021,103.95,93.49,93.49,10
21-09-2021,103.95,87.63,87.63,7
22-09-2021,103.95,86.81,86.81,9
23-09-2021,103.95,91.43,91.43,14
24-09-2021,103.95,84.3,84.3,5
25-09-2021,103.95,92.13,92.13,12
26-09-2021,103.95,77.92,77.92,14
27-09-2021,103.95,93.42,93.42,8
28-09-2021,103.95,92.54,92.54,6
29-09-2021,103.95,92.6,92.6,5
30-09-2021,103.95,87.75,87.75,1
01-10-2021,103.95,92.01,92.01,8
02-10-2021,103.95,86.67,86.67,3
03-10-2021,103.95,88.39,81.32,10
04-10-2021,103.95,82.29,82.29,9
05-10-2021,103.95,93.8,93.8,15
06-10-2021,103.95,84.86,84.86,12
07-10-2021,103.95,80.67,80.67,5
08-10-2021,103.95,101.89,101.89,7
09-10-2021,103.95,98.72,98.72,8
10-10-2021,103.95,91.82,91.82,4
11-10-2021,103.95,95.78,95.78,11
12-10-2021,103.95,85.18,85.18,8
13-10-2021,103.95,92.1,92.1,10
14-10-2021,103.95,87.75,87.75,9
15-10-2021,103.95,86.46,86.46,4
16-10-2021,103.95,87.85,87.85,14
17-10-2021,103.95,88.2,88.2,4
18-10-2021,103.95,90.52,90.52,6
19-10-2021,103.95,84,84,5
20-10-2021,103.95,100.16,83.13,5
21-10-2021,103.95,88.87,88.87,8
22-10-2021,103.95,93.57,93.57,4
23-10-2021,103.95,92.12,92.12,3
24-10-2021,103.95,90.42,90.42,3
25-10-2021,103.95,85.09,85.09,15
26-10-2021,103.95,95.36,95.36,6
27-10-2021,103.95,84.51,84.51,6
28-10-2021,103.95,85.81,85.81,12
29-10-2021,103.95,83.36,83.36,7
30-10-2021,103.95,98.34,98.34,5
31-10-2021,103.95,71.74,71.74,8
01-11-2021,103.95,88.25,88.25,8
02-11-2021,103.95,103.84,103.84,11
03-11-2021,103.95,90.48,90.48,6
04-11-2021,103.95,91.41,91.41,12
05-11-2021,103.95,97.24,83.63,11
06-11-2021,103.95,98.41,98.41,6
07-11-2021,103.95,86.12,86.12,20
08-11-2021,103.95,93.96,93.96,4
09-11-2021,103.95,93.76,93.76,26
10-11-2021,103.95,94.06,94.06,14
11-11-2021,103.95,89.83,89.83,3
12-11-2021,103.95,90.43,90.43,9
13-11-2021,103.95,86.65,86.65,19
14-11-2021,103.95,89.16,89.16,13
15-11-2021,103.95,95.58,95.58,3
16-11-2021,103.95,86.21,86.21,5
17-11-2021,103.95,100.48,100.48,4
18-11-2021,103.95,97.8,97.8,13
19-11-2021,103.95,84.8,84.8,7
20-11-2021,103.95,86.24,76.76,3
21-11-2021,103.95,83.4,83.4,8
22-11-2021,103.95,85.3,75.91,3
23-11-2021,103.95,82.73,82.73,5
24-11-2021,103.95,88.81,88.81,14
25-11-2021,103.95,81.04,81.04,5
26-11-2021,103.95,87.27,87.27,12
27-11-2021,103.95,89.42,89.42,12
28-11-2021,103.95,99.84,99.84,17
29-11-2021,103.95,85,85,5
30-11-2021,103.95,82.46,82.46,9
01-12-2021,103.95,98.16,98.16,5
02-12-2021,103.95,92.68,92.68,9
03-12-2021,103.95,86.78,86.78,4
04-12-2021,103.95,83.85,83.85,11
05-12-2021,103.95,89.29,89.29,7
06-12-2021,103.95,93.23,93.23,12
07-12-2021,103.95,90.95,90.95,6
08-12-2021,103.95,82.78,82.78,7
09-12-2021,103.95,92.16,92.16,4
10-12-2021,103.95,90.42,90.42,5
11-12-2021,103.95,90.15,90.15,5
12-12-2021,103.95,81.81,81.81,6
13-12-2021,103.95,81.33,81.33,9
14-12-2021,103.95,84.15,84.15,13
15-12-2021,103.95,89.34,89.34,5
16-12-2021,103.95,92.82,92.82,16
17-12-2021,103.95,99.01,99.01,4
18-12-2021,103.95,90.88,90.88,4
19-12-2021,103.95,91.01,91.01,17
20-12-2021,103.95,93.52,93.52,14
21-12-2021,103.95,91.63,91.63,6
22-12-2021,103.95,97.32,97.32,8
23-12-2021,103.95,95.01,95.01,6
24-12-2021,103.95,89.36,89.36,10
25-12-2021,103.95,96.17,96.17,4
26-12-2021,103.95,85.23,85.23,17
27-12-2021,103.95,92.69,92.69,4
28-12-2021,103.95,87.96,87.96,14
29-12-2021,103.95,91.14,91.14,3
30-12-2021,103.95,91.07,78.32,8
31-12-2021,103.95,85.06,85.06,1
01-01-2022,103.95,90.05,90.05,18
02-01-2022,103.95,94.33,94.33,7
03-01-2022,103.95,93.63,93.63,6
04-01-2022,103.95,94.27,94.27,2
05-01-2022,103.95,92.33,74.79,12
06-01-2022,103.95,88.81,88.81,13
07-01-2022,103.95,91.8,91.8,5
08-01-2022,103.95,96.04,96.04,16
09-01-2022,103.95,90.12,79.31,25
10-01-2022,103.95,86.27,86.27,7
11-01-2022,103.95,93.79,93.79,6
12-01-2022,103.95,90.05,90.05,9
13-01-2022,103.95,87.34,87.34,7
14-01-2022,103.95,93.06,93.06,14
15-01-2022,103.95,78.54,78.54,2
16-01-2022,103.95,89.84,89.84,3
17-01-2022,103.95,86.48,86.48,3
18-01-2022,103.95,85.6,85.6,7
19-01-2022,103.95,96.9,96.9,5
20-01-2022,103.95,91.93,91.93,4
21-01-2022,103.95,92.65,92.65,6
22-01-2022,103.95,88.86,88.86,4
23-01-2022,103.95,92.62,92.62,11
24-01-2022,103.95,86.17,86.17,3
25-01-2022,103.95,82.91,82.91,3
26-01-2022,103.95,100.39,100.39,5
27-01-2022,103.95,84.96,84.96,2
28-01-2022,103.95,88.13,88.13,15
29-01-2022,103.95,95.37,95.37,9
30-01-2022,103.95,93.12,93.12,9
31-01-2022,103.95,90.8,90.8,2
01-02-2022,103.95,84.71,84.71,6
02-02-2022,103.95,88.11,88.11,5
03-02-2022,103.95,88.73,88.73,1
04-02-2022,103.95,91.23,91.23,3
05-02-2022,103.95,89.71,89.71,1
06-02-2022,103.95,96.36,96.36,13
07-02-2022,103.95,86.52,86.52,7
08-02-2022,103.95,88.97,88.97,2
09-02-2022,103.95,92.63,92.63,8
10-02-2022,103.95,88.99,88.99,4
11-02-2022,103.95,85.7,85.7,8
12-02-2022,103.95,81.56,81.56,9
13-02-2022,103.95,92.97,92.97,9
14-02-2022,103.95,96.21,96.21,6
15-02-2022,103.95,88.28,88.28,5
16-02-2022,103.95,91.28,91.28,6
17-02-2022,103.95,78.55,78.55,13
18-02-2022,103.95,84.69,84.69,11
19-02-2022,103.95,92.74,92.74,3
20-02-2022,103.95,88.92,88.92,5
21-02-2022,103.95,96.5,96.5,4
22-02-2022,103.95,92.96,92.96,8
23-02-2022,103.95,98.49,98.49,9
24-02-2022,103.95,87.91,87.91,3
25-02-2022,103.95,94.3,94.3,7
26-02-2022,103.95,88.24,88.24,2
27-02-2022,103.95,102.06,102.06,12
28-02-2022,103.95,88.35,88.35,4
01-03-2022,103.95,85.33,85.33,11
02-03-2022,103.95,81.66,81.66,1
03-03-2022,103.95,85.22,85.22,11
04-03-2022,103.95,92.87,92.87,7
05-03-2022,103.95,94.78,94.78,6
06-03-2022,103.95,87.6,87.6,3
07-03-2022,103.95,88.59,88.59,18
08-03-2022,103.95,90.53,90.53,8
09-03-2022,103.95,82.8,82.8,8
10-03-2022,103.95,94.19,94.19,7
11-03-2022,103.95,92.6,76.86,8
12-03-2022,103.95,85.64,85.64,8
13-03-2022,103.95,101.31,101.31,6
14-03-2022,103.95,79.08,79.08,8
15-03-2022,103.95,90.93,90.93,6
16-03-2022,103.95,88.47,88.47,5
17-03-2022,103.95,89.18,89.18,10
18-03-2022,103.95,91.13,91.13,6
19-03-2022,103.95,85.76,85.76,8
20-03-2022,103.95,90.63,90.63,9
21-03-2022,103.95,82.64,82.64,3
22-03-2022,103.95,89.53,89.53,6
23-03-2022,103.95,81.89,81.89,4
24-03-2022,103.95,91.69,91.69,3
25-03-2022,103.95,87.85,87.85,6
26-03-2022,103.95,92.79,92.79,8
27-03-2022,103.95,91.34,81.29,8
28-03-2022,103.95,98.97,98.97,11
29-03-2022,103.95,91.77,91.77,9
30-03-2022,103.95,92.1,92.1,9
31-03-2022,103.95,93.42,93.42,18
01-04-2022,110.19,93.18,93.18,10
02-04-2022,110.19,82.83,82.83,3
03-04-2022,110.19,84.87,67.9,9
04-04-2022,110.19,85.32,85.32,4
05-04-2022,110.19,93.24,93.24,5
06-04-2022,110.19,98.25,98.25,14
07-04-2022,110.19,92.09,92.09,16
08-04-2022,110.19,93.23,93.23,10
09-04-2022,110.19,91.67,91.67,5
10-04-2022,110.19,88.01,88.01,10
11-04-2022,110.19,91.88,91.88,6
12-04-2022,110.19,86.5,75.25,14
13-04-2022,110.19,92.78,92.78,10
14-04-2022,110.19,90.56,90.56,6
15-04-2022,110.19,89.17,89.17,5
16-04-2022,110.19,95.84,95.84,1
17-04-2022,110.19,82.9,82.9,17
18-04-2022,110.19,91.66,91.66,8
19-04-2022,110.19,94.83,94.83,9
20-04-2022,110.19,83.12,83.12,9
21-04-2022,110.19,96.6,96.6,7
22-04-2022,110.19,85.37,85.37,3
23-04-2022,110.19,92.4,92.4,6
24-04-2022,110.19,82.06,82.06,5
25-04-2022,110.19,82.55,82.55,14
26-04-2022,110.19,93.03,93.03,14
27-04-2022,110.19,88.33,88.33,8
28-04-2022,110.19,87.09,87.09,5
29-04-2022,110.19,95.39,95.39,12
30-04-2022,110.19,88.91,88.91,12
01-05-2022,110.19,85.77,85.77,8
02-05-2022,110.19,90.12,90.12,14
03-05-2022,110.19,88.66,88.66,5
04-05-2022,110.19,82.09,82.09,5
05-05-2022,110.19,80.15,80.15,6
06-05-2022,110.19,86.49,86.49,7
07-05-2022,110.19,90.7,90.7,13
08-05-2022,110.19,90.81,90.81,1
09-05-2022,110.19,94.06,94.06,5
10-05-2022,110.19,85.24,85.24,14
11-05-2022,110.19,85.88,85.88,5
12-05-2022,110.19,88.74,88.74,13
13-05-2022,110.19,87.15,87.15,8
14-05-2022,110.19,86.76,86.76,7
15-05-2022,110.19,97.41,97.41,21
16-05-2022,110.19,100.39,100.39,18
17-05-2022,110.19,93.34,93.34,9
18-05-2022,110.19,93.9,93.9,6
19-05-2022,110.19,91.54,91.54,7
20-05-2022,110.19,93.09,93.09,9
21-05-2022,110.19,80.68,80.68,10
22-05-2022,110.19,100.73,100.73,15
23-05-2022,110.19,96.1,96.1,4
24-05-2022,110.19,90.15,74.83,8
25-05-2022,110.19,88.84,88.84,5
26-05-2022,110.19,93.04,79.08,9
27-05-2022,110.19,92.44,92.44,5
28-05-2022,110.19,86.56,78.77,5
29-05-2022,110.19,98.62,98.62,9
30-05-2022,110.19,91.37,91.37,19
31-05-2022,110.19,89.86,89.86,9
01-06-2022,110.19,98.76,82.96,9
02-06-2022,110.19,94.74,94.74,14
03-06-2022,110.19,88.07,88.07,9
04-06-2022,110.19,95.84,95.84,12
05-06-2022,110.19,95.5,95.5,17
06-06-2022,110.19,88.28,88.28,5
07-06-2022,110.19,79.73,79.73,13
08-06-2022,110.19,89.78,89.78,3
09-06-2022,110.19,86.87,86.87,12
10-06-2022,110.19,89.94,89.94,7
11-06-2022,110.19,103.6,103.6,8
12-06-2022,110.19,87.18,87.18,3
13-06-2022,110.19,90.08,90.08,10
14-06-2022,110.19,97.23,97.23,14
15-06-2022,110.19,93.26,93.26,18
16-06-2022,110.19,88.7,88.7,12
17-06-2022,110.19,90.96,90.96,7
18-06-2022,110.19,92.8,92.8,15
19-06-2022,110.19,95.06,84.6,9
20-06-2022,110.19,94.28,88.62,9
21-06-2022,110.19,86.66,86.66,16
22-06-2022,110.19,86.52,86.52,13
23-06-2022,110.19,91.08,91.08,12
24-06-2022,110.19,88.77,88.77,2
25-06-2022,110.19,81.26,66,10
26-06-2022,110.19,95.26,95.26,6
27-06-2022,110.19,95.38,95.38,5
28-06-2022,110.19,89.72,89.72,6
29-06-2022,110.19,91,91,5
30-06-2022,110.19,89.61,89.61,7
01-07-2022,110.19,87.61,87.61,13
02-07-2022,110.19,89.38,89.38,8
03-07-2022,110.19,84.85,84.85,7
04-07-2022,110.19,84.17,84.17,6
05-07-2022,110.19,85.34,68.27,12
06-07-2022,110.19,88.35,88.35,12
07-07-2022,110.19,82.47,82.47,3
08-07-2022,110.19,87.41,87.41,7
09-07-2022,110.19,95.11,95.11,7
10-07-2022,110.19,104.16,104.16,14
11-07-2022,110.19,91.35,91.35,9
12-07-2022,110.19,85.87,85.87,14
13-07-2022,110.19,86.18,86.18,10
14-07-2022,110.19,83.94,83.94,7
15-07-2022,110.19,90.47,90.47,2
16-07-2022,110.19,88.34,88.34,21
17-07-2022,110.19,96.64,96.64,13
18-07-2022,110.19,82.7,82.7,16
19-07-2022,110.19,87.42,87.42,8
20-07-2022,110.19,94.62,94.62,10
21-07-2022,110.19,83.86,83.86,10
22-07-2022,110.19,80.99,80.99,8
23-07-2022,110.19,99.48,99.48,8
24-07-2022,110.19,86.6,86.6,23
25-07-2022,110.19,93.38,93.38,3
26-07-2022,110.19,93.79,93.79,6
27-07-2022,110.19,89.5,89.5,3
28-07-2022,110.19,94.13,94.13,2
29-07-2022,110.19,89.11,89.11,13
30-07-2022,110.19,88.97,88.97,14
31-07-2022,110.19,92.6,92.6,9
01-08-2022,110.19,90.87,90.87,7
02-08-2022,110.19,90.92,90.92,6
03-08-2022,110.19,98.19,98.19,3
04-08-2022,110.19,83.74,83.74,17
05-08-2022,110.19,92.98,92.98,8
06-08-2022,110.19,89.93,89.93,15
07-08-2022,110.19,96.12,86.5,7
08-08-2022,110.19,91.42,77.71,8
09-08-2022,110.19,97.03,97.03,2
10-08-2022,110.19,84.43,84.43,5
11-08-2022,110.19,84,84,3
12-08-2022,110.19,94.16,94.16,8
13-08-2022,110.19,79.18,79.18,7
14-08-2022,110.19,85.09,85.09,10
15-08-2022,110.19,95.42,95.42,8
16-08-2022,110.19,92.86,92.86,9
17-08-2022,110.19,93.9,93.9,7
18-08-2022,110.19,83.51,83.51,15
19-08-2022,110.19,94.66,94.66,8
20-08-2022,110.19,84.34,84.34,6
21-08-2022,110.19,90.01,90.01,13
22-08-2022,110.19,89.49,89.49,9
23-08-2022,110.19,94.73,94.73,14
24-08-2022,110.19,89.92,89.92,8
25-08-2022,110.19,88.12,88.12,21
26-08-2022,110.19,88.02,77.46,11
27-08-2022,110.19,82.91,82.91,6
28-08-2022,110.19,85.48,85.48,5
29-08-2022,110.19,93.92,93.92,8
30-08-2022,110.19,96.33,96.33,6
31-08-2022,110.19,96.96,96.96,18
01-09-2022,110.19,90.17,90.17,15
02-09-2022,110.19,95.27,95.27,5
03-09-2022,110.19,80.29,80.29,10
04-09-2022,110.19,101.46,101.46,10
05-09-2022,110.19,86.72,86.72,6
06-09-2022,110.19,81.83,81.83,3
07-09-2022,110.19,97.66,97.66,5
08-09-2022,110.19,88.79,88.79,12
09-09-2022,110.19,82.97,82.97,10
10-09-2022,110.19,89.47,89.47,10
11-09-2022,110.19,89.27,89.27,8
12-09-2022,110.19,83.7,83.7,3
13-09-2022,110.19,100.66,100.66,17
14-09-2022,110.19,86.4,86.4,12
15-09-2022,110.19,93.79,93.79,6
16-09-2022,110.19,93.01,93.01,2
17-09-2022,110.19,86.61,86.61,14
18-09-2022,110.19,91.56,91.56,17
19-09-2022,110.19,95.85,95.85,10
20-09-2022,110.19,90.17,90.17,6
21-09-2022,110.19,92.89,92.89,8
22-09-2022,110.19,96.91,96.91,14
23-09-2022,110.19,92.42,92.42,13
24-09-2022,110.19,86.4,86.4,12
25-09-2022,110.19,92.28,92.28,16
26-09-2022,110.19,96.53,96.53,9
27-09-2022,110.19,85.28,85.28,15
28-09-2022,110.19,93.38,93.38,3
29-09-2022,110.19,92.26,92.26,10
30-09-2022,110.19,84.35,84.35,12
01-10-2022,110.19,90.01,90.01,8
02-10-2022,110.19,86.33,86.33,4
03-10-2022,110.19,94.62,94.62,10
04-10-2022,110.19,90.24,90.24,8
05-10-2022,110.19,88.44,88.44,5
06-10-2022,110.19,83.38,83.38,5
07-10-2022,110.19,86.3,73.35,4
08-10-2022,110.19,90.87,90.87,5
09-10-2022,110.19,92.45,92.45,10
10-10-2022,110.19,94.9,94.9,10
11-10-2022,110.19,97.7,97.7,10
12-10-2022,110.19,94.23,81.04,15
13-10-2022,110.19,91.86,78.08,5
14-10-2022,110.19,88.47,81.39,4
15-10-2022,110.19,89.99,89.99,2
16-10-2022,110.19,103.25,103.25,12
17-10-2022,110.19,84.74,70.34,3
18-10-2022,110.19,90.66,90.66,6
19-10-2022,110.19,93.86,93.86,6
20-10-2022,110.19,87.26,71.55,14
21-10-2022,110.19,96.74,96.74,10
22-10-2022,110.19,88.79,74.59,22
23-10-2022,110.19,89.53,76.1,5
24-10-2022,110.19,87.61,87.61,18
25-10-2022,110.19,97.25,97.25,5
26-10-2022,110.19,85.3,77.62,9
27-10-2022,110.19,89.49,77.86,10
28-10-2022,110.19,92.58,92.58,25
29-10-2022,110.19,88.54,88.54,11
30-10-2022,110.19,94.03,87.45,4
31-10-2022,110.19,94,94,5
01-11-2022,110.19,91.42,91.42,13
02-11-2022,110.19,96.35,96.35,11
03-11-2022,110.19,89.44,89.44,2
04-11-2022,110.19,91.63,76.06,13
05-11-2022,110.19,87.71,87.71,8
06-11-2022,110.19,91.77,91.77,10
07-11-2022,110.19,93.85,93.85,5
08-11-2022,110.19,102.38,102.38,4
09-11-2022,110.19,86.94,86.94,2
10-11-2022,110.19,97.74,97.74,12
11-11-2022,110.19,89.26,89.26,9
12-11-2022,110.19,100.93,100.93,9
13-11-2022,110.19,89.05,89.05,9
14-11-2022,110.19,84.74,84.74,3
15-11-2022,110.19,86.34,86.34,6
16-11-2022,110.19,86.36,86.36,7
17-11-2022,110.19,90.29,84.88,5
18-11-2022,110.19,86.31,86.31,11
19-11-2022,110.19,85.74,85.74,6
20-11-2022,110.19,90.05,90.05,12
21-11-2022,110.19,96.09,96.09,5
22-11-2022,110.19,94.55,94.55,7
23-11-2022,110.19,84.91,84.91,10
24-11-2022,110.19,83.7,83.7,4
25-11-2022,110.19,87.08,87.08,10
26-11-2022,110.19,94.55,84.15,3
27-11-2022,110.19,84.58,84.58,7
28-11-2022,110.19,87.55,87.55,5
29-11-2022,110.19,93.46,93.46,10
30-11-2022,110.19,84.81,84.81,4
01-12-2022,110.19,96.83,96.83,4
02-12-2022,110.19,87.85,82.58,10
03-12-2022,110.19,91.59,91.59,6
04-12-2022,110.19,95.62,95.62,8
05-12-2022,110.19,90.64,90.64,8
06-12-2022,110.19,88.38,88.38,2
07-12-2022,110.19,84.35,84.35,10
08-12-2022,110.19,89.38,89.38,4
09-12-2022,110.19,92.22,92.22,8
10-12-2022,110.19,90.88,90.88,4
11-12-2022,110.19,98.29,98.29,7
12-12-2022,110.19,95.74,81.38,4
13-12-2022,110.19,86.04,86.04,4
14-12-2022,110.19,96.75,96.75,12
15-12-2022,110.19,87.13,87.13,10
16-12-2022,110.19,93.02,81.86,1
17-12-2022,110.19,92.99,92.99,3
18-12-2022,110.19,93.87,93.87,20
19-12-2022,110.19,88.16,88.16,10
20-12-2022,110.19,88.98,88.98,8
21-12-2022,110.19,98.65,98.65,14
22-12-2022,110.19,80.06,80.06,3
23-12-2022,110.19,91.18,91.18,12
24-12-2022,110.19,89.58,89.58,3
25-12-2022,110.19,79.96,75.97,12
26-12-2022,110.19,94.4,94.4,10
27-12-2022,110.19,99.06,99.06,13
28-12-2022,110.19,88.03,88.03,6
29-12-2022,110.19,91.05,91.05,7
30-12-2022,110.19,95.63,95.63,7
31-12-2022,110.19,86.81,79.86,4
01-01-2023,115.7,92.1,92.1,11
02-01-2023,115.7,84.95,84.95,10
03-01-2023,115.7,96.84,96.84,11
04-01-2023,115.7,90.75,90.75,6
05-01-2023,115.7,92.78,75.15,18
06-01-2023,115.7,81.11,81.11,9
07-01-2023,115.7,86.33,86.33,12
08-01-2023,115.7,97.63,97.63,1
09-01-2023,115.7,86.82,86.82,9
10-01-2023,115.7,92.53,79.57,17
11-01-2023,115.7,94.38,94.38,5
12-01-2023,115.7,86.41,86.41,9
13-01-2023,115.7,96.13,96.13,7
14-01-2023,115.7,88.87,88.87,11
15-01-2023,115.7,91.82,91.82,2
16-01-2023,115.7,92.94,78.07,11
17-01-2023,115.7,83.37,83.37,8
18-01-2023,115.7,91.85,91.85,11
19-01-2023,115.7,87.55,87.55,6
20-01-2023,115.7,90.99,90.99,7
21-01-2023,115.7,86.41,86.41,2
22-01-2023,115.7,96,96,7
23-01-2023,115.7,90.41,90.41,5
24-01-2023,115.7,93.79,93.79,10
25-01-2023,115.7,88.04,88.04,7
26-01-2023,115.7,95.81,95.81,5
27-01-2023,115.7,86.35,86.35,5
28-01-2023,115.7,83.66,83.66,4
29-01-2023,115.7,91.96,91.96,13
30-01-2023,115.7,87.54,87.54,12
31-01-2023,115.7,88.37,76,10
01-02-2023,115.7,80.88,80.88,11
02-02-2023,115.7,92.71,92.71,6
03-02-2023,115.7,92.51,92.51,12
04-02-2023,115.7,84.72,75.4,10
05-02-2023,115.7,87.86,87.86,13
06-02-2023,115.7,88.57,88.57,8
07-02-2023,115.7,93.43,93.43,7
08-02-2023,115.7,98.74,98.74,13
09-02-2023,115.7,98.28,98.28,6
10-02-2023,115.7,80.91,80.91,2
11-02-2023,115.7,101.39,94.29,10
12-02-2023,115.7,88.47,88.47,12
13-02-2023,115.7,92.03,92.03,11
14-02-2023,115.7,83.51,83.51,8
15-02-2023,115.7,87.93,87.93,2
16-02-2023,115.7,85.45,85.45,7
17-02-2023,115.7,92.96,92.96,11
18-02-2023,115.7,81.31,81.31,5
19-02-2023,115.7,88.23,88.23,4
20-02-2023,115.7,87.67,87.67,3
21-02-2023,115.7,90.97,90.97,3
22-02-2023,115.7,84.12,84.12,11
23-02-2023,115.7,91.5,91.5,8
24-02-2023,115.7,90.52,90.52,2
25-02-2023,115.7,92.21,92.21,7
26-02-2023,115.7,95.38,95.38,4
27-02-2023,115.7,91.38,91.38,5
28-02-2023,115.7,89.74,89.74,5
01-03-2023,115.7,94.94,94.94,16
02-03-2023,115.7,89.01,89.01,12
03-03-2023,115.7,93.7,93.7,5
04-03-2023,115.7,88.78,88.78,17
05-03-2023,115.7,88.79,81.69,4
06-03-2023,115.7,95.58,95.58,6
07-03-2023,115.7,96.43,84.85,7
08-03-2023,115.7,79.71,79.71,9
09-03-2023,115.7,89.32,89.32,11
10-03-2023,115.7,92.17,92.17,14
11-03-2023,115.7,89.63,89.63,9
12-03-2023,115.7,98.79,98.79,7
13-03-2023,115.7,87.59,87.59,11
14-03-2023,115.7,82.53,82.53,4
15-03-2023,115.7,94.56,94.56,8
16-03-2023,115.7,97.53,89.73,10
17-03-2023,115.7,93.25,74.6,9
18-03-2023,115.7,93.46,93.46,14
19-03-2023,115.7,90.64,90.64,9
20-03-2023,115.7,93.12,93.12,4
21-03-2023,115.7,96.09,82.64,8
22-03-2023,115.7,91.82,91.82,10
23-03-2023,115.7,87.83,87.83,7
24-03-2023,115.7,93.18,93.18,7
25-03-2023,115.7,95.88,95.88,6
26-03-2023,115.7,86.68,71.94,5
27-03-2023,115.7,88.86,83.53,11
28-03-2023,115.7,84.82,84.82,11
29-03-2023,115.7,95.02,95.02,6
30-03-2023,115.7,85,74.8,9
31-03-2023,115.7,96.18,96.18,4
01-04-2023,115.7,88.51,88.51,4
02-04-2023,115.7,89.75,89.75,3
03-04-2023,115.7,88.17,88.17,6
04-04-2023,115.7,96.43,96.43,6
05-04-2023,115.7,94.08,94.08,4
06-04-2023,115.7,88.69,88.69,9
07-04-2023,115.7,91.53,91.53,4
08-04-2023,115.7,82.82,82.82,9
09-04-2023,115.7,96.65,96.65,3
10-04-2023,115.7,96.31,96.31,6
11-04-2023,115.7,88.61,75.32,7
12-04-2023,115.7,90.93,90.93,10
13-04-2023,115.7,87.47,87.47,8
14-04-2023,115.7,96.38,96.38,7
15-04-2023,115.7,81.43,81.43,13
16-04-2023,115.7,92.13,92.13,6
17-04-2023,115.7,89.19,89.19,7
18-04-2023,115.7,96.87,96.87,7
19-04-2023,115.7,85.64,85.64,8
20-04-2023,115.7,86.7,86.7,3
21-04-2023,115.7,80.01,80.01,21
22-04-2023,115.7,93.14,93.14,5
23-04-2023,115.7,92.49,92.49,9
24-04-2023,115.7,86.45,86.45,9
25-04-2023,115.7,84.09,79.04,9
26-04-2023,115.7,85.02,77.37,12
27-04-2023,115.7,89.37,89.37,3
28-04-2023,115.7,94.63,94.63,8
29-04-2023,115.7,83.29,83.29,15
30-04-2023,115.7,92.36,86.82,8
01-05-2023,115.7,85.01,85.01,10
02-05-2023,115.7,99.06,99.06,11
03-05-2023,115.7,92.08,92.08,7
04-05-2023,115.7,93.18,93.18,7
05-05-2023,115.7,90.75,90.75,12
06-05-2023,115.7,90.76,90.76,4
07-05-2023,115.7,83.9,68.79,13
08-05-2023,115.7,84.47,84.47,4
09-05-2023,115.7,86.32,86.32,7
10-05-2023,115.7,98.62,98.62,6
11-05-2023,115.7,83.63,83.63,4
12-05-2023,115.7,89.05,89.05,4
13-05-2023,115.7,90.46,90.46,7
14-05-2023,115.7,89.16,89.16,11
15-05-2023,115.7,96.17,96.17,2
16-05-2023,115.7,96.37,96.37,24
17-05-2023,115.7,95.9,95.9,17
18-05-2023,115.7,92.52,92.52,2
19-05-2023,115.7,92.71,92.71,6
20-05-2023,115.7,86.08,86.08,17
21-05-2023,115.7,85.21,85.21,13
22-05-2023,115.7,88.11,88.11,6
23-05-2023,115.7,87.88,87.88,9
24-05-2023,115.7,87.99,87.99,12
25-05-2023,115.7,83.47,83.47,8
26-05-2023,115.7,93.78,93.78,14
27-05-2023,115.7,101.23,101.23,7
28-05-2023,115.7,91.8,91.8,5
29-05-2023,115.7,95.5,95.5,7
30-05-2023,115.7,93.6,93.6,7
31-05-2023,115.7,91.41,91.41,9
01-06-2023,115.7,96.01,96.01,8
02-06-2023,115.7,88.22,88.22,5
03-06-2023,115.7,91.18,91.18,8
04-06-2023,115.7,94.88,94.88,12
05-06-2023,115.7,83.1,83.1,7
06-06-2023,115.7,92.49,92.49,8
07-06-2023,115.7,88.41,88.41,9
08-06-2023,115.7,93.58,93.58,12
09-06-2023,115.7,85.01,85.01,14
10-06-2023,115.7,91.28,83.07,12
11-06-2023,115.7,88.18,88.18,3
12-06-2023,115.7,80.35,80.35,16
13-06-2023,115.7,98.77,98.77,7
14-06-2023,115.7,94.28,94.28,12
15-06-2023,115.7,91.12,91.12,6
16-06-2023,115.7,92.99,92.99,15
17-06-2023,115.7,83.73,72.85,19
18-06-2023,115.7,94.15,94.15,6
19-06-2023,115.7,97.23,97.23,10
20-06-2023,115.7,92.2,92.2,5
21-06-2023,115.7,95.5,95.5,14
22-06-2023,115.7,87.93,87.93,13
23-06-2023,115.7,91.14,91.14,12
24-06-2023,115.7,77.1,77.1,3
25-06-2023,115.7,85.35,75.11,8
26-06-2023,115.7,80.23,80.23,9
27-06-2023,115.7,88.96,88.96,8
28-06-2023,115.7,98.76,98.76,9
29-06-2023,115.7,97.79,97.79,7
30-06-2023,115.7,95.25,95.25,14
01-07-2023,115.7,91.35,91.35,9
02-07-2023,115.7,92.61,92.61,21
03-07-2023,115.7,82.63,82.63,9
04-07-2023,115.7,89.71,89.71,10
05-07-2023,115.7,89.44,89.44,8
06-07-2023,115.7,93.24,93.24,2
07-07-2023,115.7,98.96,85.11,10
08-07-2023,115.7,87.97,87.97,12
09-07-2023,115.7,83.44,83.44,7
10-07-2023,115.7,90.76,90.76,14
11-07-2023,115.7,88.91,88.91,20
12-07-2023,115.7,92.03,92.03,13
13-07-2023,115.7,93.17,93.17,2
14-07-2023,115.7,94.48,94.48,22
15-07-2023,115.7,80.1,71.29,7
16-07-2023,115.7,94.88,94.88,2
17-07-2023,115.7,91.58,91.58,5
18-07-2023,115.7,91.74,91.74,5
19-07-2023,115.7,90.26,90.26,8
20-07-2023,115.7,87.88,87.88,17
21-07-2023,115.7,83.4,83.4,5
22-07-2023,115.7,89.37,71.5,9
23-07-2023,115.7,81.54,81.54,6
24-07-2023,115.7,90.81,90.81,10
25-07-2023,115.7,91.12,91.12,12
26-07-2023,115.7,84.37,84.37,3
27-07-2023,115.7,86.22,86.22,3
28-07-2023,115.7,87.96,87.96,7
29-07-2023,115.7,92.3,92.3,8
30-07-2023,115.7,93.19,93.19,7
31-07-2023,115.7,95.84,95.84,6
01-08-2023,115.7,87.09,87.09,18
02-08-2023,115.7,83.04,83.04,16
03-08-2023,115.7,85.17,85.17,10
04-08-2023,115.7,80.46,80.46,6
05-08-2023,115.7,91.24,91.24,3
06-08-2023,115.7,94.03,94.03,6
07-08-2023,115.7,90.59,90.59,14
08-08-2023,115.7,95.55,77.4,13
09-08-2023,115.7,87.39,87.39,16
10-08-2023,115.7,81.59,81.59,16
11-08-2023,115.7,82.8,82.8,14
12-08-2023,115.7,88.3,88.3,21
13-08-2023,115.7,87.41,73.42,11
14-08-2023,115.7,84.16,84.16,6
15-08-2023,115.7,84.13,84.13,5
16-08-2023,115.7,92.58,92.58,6
17-08-2023,115.7,94.32,94.32,2
18-08-2023,115.7,96.33,96.33,5
19-08-2023,115.7,94,76.14,10
20-08-2023,115.7,90.61,72.48,13
21-08-2023,115.7,84.02,84.02,16
22-08-2023,115.7,94.31,78.28,13
23-08-2023,115.7,82.98,82.98,10
24-08-2023,115.7,87.27,87.27,13
25-08-2023,115.7,87.15,87.15,8
26-08-2023,115.7,95.8,95.8,14
27-08-2023,115.7,90.04,90.04,14
28-08-2023,115.7,99.42,99.42,15
29-08-2023,115.7,101.75,101.75,5
30-08-2023,115.7,88.05,82.77,16
31-08-2023,115.7,86.74,86.74,6
01-09-2023,115.7,90.21,90.21,13
02-09-2023,115.7,90.28,90.28,2
03-09-2023,115.7,90.46,90.46,9
04-09-2023,115.7,78,78,3
05-09-2023,115.7,99.1,99.1,6
06-09-2023,115.7,93.44,76.62,22
07-09-2023,115.7,91.11,91.11,14
08-09-2023,115.7,88.7,88.7,15
09-09-2023,115.7,97.33,97.33,6
10-09-2023,115.7,91.47,91.47,16
11-09-2023,115.7,89.94,89.94,7
12-09-2023,115.7,88.03,88.03,3
13-09-2023,115.7,87.09,69.67,12
14-09-2023,115.7,94.98,94.98,13
15-09-2023,115.7,91.69,91.69,10
16-09-2023,115.7,92.29,92.29,7
17-09-2023,115.7,96.4,96.4,6
18-09-2023,115.7,82.07,82.07,5
19-09-2023,115.7,84.57,67.66,19
20-09-2023,115.7,88.36,88.36,9
21-09-2023,115.7,92.31,85.85,17
22-09-2023,115.7,86.41,86.41,2
23-09-2023,115.7,87.46,87.46,3
24-09-2023,115.7,89.53,89.53,6
25-09-2023,115.7,86.12,86.12,3
26-09-2023,115.7,96.25,96.25,9
27-09-2023,115.7,91.49,85.09,10
28-09-2023,115.7,90.17,90.17,8
29-09-2023,115.7,89.79,89.79,23
30-09-2023,115.7,90.23,90.23,16
01-10-2023,115.7,87.45,87.45,4
02-10-2023,115.7,92.6,92.6,9
03-10-2023,115.7,84.71,84.71,9
04-10-2023,115.7,95.13,95.13,4
05-10-2023,115.7,88.62,88.62,9
06-10-2023,115.7,85.18,85.18,8
07-10-2023,115.7,91.89,91.89,6
08-10-2023,115.7,87.12,70.57,23
09-10-2023,115.7,82.43,82.43,8
10-10-2023,115.7,84.38,84.38,13
11-10-2023,115.7,81.73,81.73,12
12-10-2023,115.7,91.13,73.82,4
13-10-2023,115.7,96.34,96.34,5
14-10-2023,115.7,94.72,94.72,5
15-10-2023,115.7,83.14,83.14,5
16-10-2023,115.7,85.8,78.94,16
17-10-2023,115.7,97,97,9
18-10-2023,115.7,100.7,100.7,15
19-10-2023,115.7,89.45,89.45,10
20-10-2023,115.7,85.92,85.92,8
21-10-2023,115.7,95.11,95.11,18
22-10-2023,115.7,93.69,93.69,14
23-10-2023,115.7,93.89,93.89,3
24-10-2023,115.7,85,69.7,8
25-10-2023,115.7,85.39,85.39,13
26-10-2023,115.7,91.36,91.36,8
27-10-2023,115.7,91.26,91.26,12
28-10-2023,115.7,90.62,80.65,5
29-10-2023,115.7,85.21,85.21,16
30-10-2023,115.7,96.83,96.83,5
31-10-2023,115.7,95.49,95.49,4
01-11-2023,115.7,88.43,88.43,11
02-11-2023,115.7,90.06,83.75,11
03-11-2023,115.7,87.77,87.77,16
04-11-2023,115.7,89.11,89.11,15
05-11-2023,115.7,86.81,76.4,7
06-11-2023,115.7,94.75,75.8,16
07-11-2023,115.7,89.72,89.72,9
08-11-2023,115.7,91.05,91.05,2
09-11-2023,115.7,96.67,96.67,9
10-11-2023,115.7,99.98,83.99,6
11-11-2023,115.7,96.78,96.78,19
12-11-2023,115.7,83.79,83.79,10
13-11-2023,115.7,91.63,91.63,1
14-11-2023,115.7,83.39,83.39,10
15-11-2023,115.7,84.39,84.39,10
16-11-2023,115.7,81.97,81.97,15
17-11-2023,115.7,92.7,92.7,12
18-11-2023,115.7,94.79,86.26,10
19-11-2023,115.7,96.73,96.73,10
20-11-2023,115.7,85.34,85.34,7
21-11-2023,115.7,99.9,99.9,5
22-11-2023,115.7,88.93,88.93,11
23-11-2023,115.7,82.98,82.98,8
24-11-2023,115.7,82.77,77.8,12
25-11-2023,115.7,95.8,95.8,5
26-11-2023,115.7,85.33,85.33,5
27-11-2023,115.7,82.3,82.3,9
28-11-2023,115.7,82.26,82.26,4
29-11-2023,115.7,91.42,91.42,8
30-11-2023,115.7,81.89,81.89,3
01-12-2023,115.7,84.93,84.93,3
02-12-2023,115.7,97.02,97.02,11
03-12-2023,115.7,85.46,85.46,5
04-12-2023,115.7,95.03,95.03,6
05-12-2023,115.7,90.62,90.62,11
06-12-2023,115.7,100.15,100.15,10
07-12-2023,115.7,92.29,92.29,3
08-12-2023,115.7,88.84,88.84,2
09-12-2023,115.7,88.66,88.66,8
10-12-2023,115.7,92.9,92.9,4
11-12-2023,115.7,102.77,102.77,3
12-12-2023,115.7,89.53,89.53,2
13-12-2023,115.7,84.13,84.13,6
14-12-2023,115.7,82.16,82.16,10
15-12-2023,115.7,91.54,81.47,7
16-12-2023,115.7,84.94,84.94,8
17-12-2023,115.7,98.93,98.93,10
18-12-2023,115.7,87.23,87.23,5
19-12-2023,115.7,91.74,91.74,7
20-12-2023,115.7,91.25,91.25,7
21-12-2023,115.7,94.76,94.76,8
22-12-2023,115.7,87,87,4
23-12-2023,115.7,86.98,86.98,6
24-12-2023,115.7,100.86,100.86,5
25-12-2023,115.7,88.27,88.27,9
26-12-2023,115.7,94.14,94.14,10
27-12-2023,115.7,90.16,90.16,8
28-12-2023,115.7,87.15,87.15,7
29-12-2023,115.7,89.97,89.97,12
30-12-2023,115.7,97.22,97.22,9
31-12-2023,115.7,92.85,92.85,8
